Title,Dewey_Decimal_Number,Author,ISBN,In_Stock,DatePurchased,NumberInStock,NumberOfAccesses,Price,LastAccessed
13 Things That Don't Make Sense,500.1,"Brooks, Michael",978-6264982389,n,31-JAN-2015,0,2,5.99,16-MAY-2017
1984,823,"Orwell, George",7885416778,y,01-AUG-1984,1,1,1.99,22-JAN-1990
2001: A Space Odyssey,823,"Clarke, Arthur C",970953942X,y,16-AUG-2001,5,12,5.99,20-JUN-2008
2010,823,"Clarke, Arthur C",5201310574,n,01-MAY-1994,0,12,17.99,16-MAY-2017
20th Century Discovery - The Science of Life,576,"Asimov, Isaac",689821817X,y,01-JAN-1989,1,2,4.99,02-AUG-1998
2312,823,"Robinson, Kim Stanley",978-3431759804,n,30-OCT-2014,0,4,7.99,16-MAY-2017
50 Philosophy of Science Ideas You Really Need to Know,501,"Southwell, Gareth",978-526985972X,y,16-MAR-2016,1,4,17.99,15-MAY-2018
A Snowball in Hell,823,"Brookmyre, Christopher",0671951333,y,28-DEC-2001,3,1,17.99,20-JUN-2007
Abducted: How People Come to Believe They Were Abducted by Aliens,1.9,"Clancy, Susan A",978-680451390X,y,04-SEP-2006,1,2,5.99,04-APR-2016
About Black Holes,523.1,"Asimov, Isaac",2789616768,n,01-JUN-1982,0,0,5.49,16-MAY-2017
About Time,530,"Davies, Paul",9248635489,y,16-MAY-2003,1,2,5.99,05-NOV-2008
Absent Minds,305.5,"Collini, Stefan",3113883754,y,15-DEC-2002,2,0,5.99,19-OCT-2009
Absolute Beginners,823,"MacInnes, Colin",6698371562,y,01-AUG-1979,4,10,1.5,18-OCT-1987
Absolute Friends,823,"Le Carre, John",087216512X,y,07-MAR-1998,1,2,5.99,06-OCT-2007
"Abstract Society, The",300,"Zijderveld, Anton C",6674714683,y,14-MAR-1997,2,4,12.49,13-OCT-2006
Achilles in the Quantum Universe,500,"Morris, Richard",7177375326,y,,1,2,,20-MAR-2014
Acid Row,823,"Walters, Minette",8187767518,y,11-JUN-2003,3,1,12.49,15-APR-2010
"Act of Creation, The",153,"Koestler, Arthur",5831955367,y,09-JAN-1998,2,2,17.99,05-OCT-2000
Ada,823,"Nabokov, Vladimir",8613095651,n,01-JAN-1987,0,1,4.99,16-MAY-2017
Adam and Eve and Pinch Me,823,"Rendell, Ruth",978-9930299371,y,19-DEC-2006,5,1,5.99,07-JAN-2009
"Adapted Mind, The",153,"Barkow, Jerome H, et al",6233840872,y,22-FEB-2001,2,2,21.5,11-MAY-2009
Adolf Hitler - My Part in His Downfall,823,"Milligan, Spike",3531171788,n,01-APR-1978,0,10,2.99,16-MAY-2017
Adrift in Soho,823,"Wilson, Colin",978-9922063379,y,26-DEC-2015,2,1,12.49,15-MAY-2018
"Affirmation, The",823,"Priest, Christopher",5074980098,y,,5,4,,21-JAN-2008
After Many a Summer,823,"Huxley, Aldous",978-9108259244,y,10-APR-2011,3,10,12.49,30-SEP-2016
After the Fireworks,823,"Huxley, Aldous",978-5695850260,y,20-DEC-2015,3,2,7.99,15-MAY-2018
After the Nation State,321,"Horsman, Matthew, and Marhsall,",3190171538,y,14-APR-1997,1,2,5.99,13-NOV-2006
"Afterglow of Creation, The",520,"Chown, Marcus",5320941110,y,11-AUG-1996,1,0,12.49,01-FEB-2002
Against Method,501,"Feyerabend, Paul",2095146762,y,01-APR-1994,2,2,17.99,03-FEB-2001
Against a Dark Background,823,"Banks, Iain M",6351367178,y,01-OCT-1994,5,1,17.99,18-DEC-2002
Age of Analysis,100,"White, Morton (ed.)",8178901220,y,,1,1,,11-APR-2006
"Age of Great Dreams, The",970,"Farber, David",9151251451,y,01-MAR-1994,1,4,5.99,30-SEP-2003
"Age of Reason, The",823,"Sartre, John Paul",6510095171,y,01-APR-1978,4,1,0.99,03-FEB-1985
Albert Einstein,530.9,"Infeld, Leopold",9584317012,n,01-JUL-1979,0,4,2.99,16-MAY-2017
Alchemists of Human Nature,150.19,"Petikainen,  Petteri",352391229X,y,,2,2,,20-MAR-2014
Alchemy,500,"Holmyard, E J",7999732917,y,15-SEP-1995,2,2,17.99,15-APR-2005
"Algebraist, The",823,"Banks, Iain M",978-3297050806,y,27-NOV-2006,4,1,17.99,01-OCT-2013
Alice in Wonderland and Through the Looking Glass,823,"Carroll, Lewis",776453942X,n,01-AUG-1983,0,2,1.99,16-MAY-2017
Alien Dawn: An Investigation into the Contact Experience,1.9,"Wilson, Colin",914633226X,y,07-NOV-2001,2,1,5.99,30-APR-2007
Alien Encounters,1.9,"Jacobs, David M",1620729017,n,09-OCT-1995,0,2,5.99,16-MAY-2017
"Alien Heat, An",823,"Moorcock, Michael",9530407744,y,01-JAN-1981,1,1,1.99,20-MAR-1989
Alien Intelligence,500,"Holroyd, Stuart",9473431189,n,10-OCT-1995,0,0,5.99,16-MAY-2017
Alien Update,1.9,"Good, Timothy (ed)",7773668104,n,01-NOV-1994,0,2,12.49,16-MAY-2017
Aliens from Space,1.9,"Keyhoe, Donald",7042474499,n,01-JAN-1976,0,1,0.99,16-MAY-2017
All About H Hatter,823,"Desani, G V",0884264871,n,01-DEC-1982,0,12,4.99,16-MAY-2017
All Our Yesterdays: 90 years of British Cinema,791.43,"Barr, Charles (ed.)",9805166214,y,04-APR-2000,1,4,21.5,21-JUN-2008
All Tomorrow's Parties,823,"Gibson, William",978-4751575540,y,11-FEB-2013,3,10,5.99,15-MAY-2018
All the President's Men,364,"Bernstein, Carl, and Woodward, Bob",4091661430,y,14-JUL-2001,1,1,12.49,12-FEB-2011
All the Sounds of Fear,823,"Ellison, Harlan",2364567296,y,01-OCT-1984,1,1,4.5,18-DEC-1992
"Alley God, The",823,"Farmer, Philip Jose",1048893580,n,01-AUG-1988,0,2,5.49,16-MAY-2017
Alternative Persons: The Entities of Science Fiction and Myth,809.3,"Gooch, Stan",1740484453,y,09-OCT-1995,1,1,12.49,26-DEC-2003
"Ambidextrous Universe, The",530,"Gardner, Martin",360462729X,y,01-MAY-1995,1,4,5.99,18-JUL-2003
American Psycho,823,"Easton, Brett Ellis",978-7051056017,y,29-AUG-2012,5,1,5.99,15-MAY-2018
Amerika,823,"Kafka, Franz",6540632516,y,28-OCT-1997,1,1,17.99,06-DEC-2001
Amsterdam,823,"McEwan, Ian",978-8756859819,y,19-JUN-2014,1,10,17.99,15-MAY-2018
Anarchism,320.5,"Kinna, Ruth",7660923771,y,11-DEC-1997,1,1,12.49,15-OCT-2004
Anarchism: A Very Short Introduction,320.5,"Ward, Colin",978-1559127076,y,28-MAR-2015,1,1,7.99,15-MAY-2018
Anarchists in Love,823,"Spencer, Colin",146015398X,n,01-NOV-1981,0,10,1.99,16-MAY-2017
Ancient Britons and the Antiquarian Imagination,900.1,"Piggott, Stuart",0835381891,y,28-DEC-1999,2,2,17.99,15-MAR-2008
Ancient Egypt,932,"Watterson, Barbara",1201181156,y,,1,2,,20-MAR-2014
Ancient Trackways of Wessex,911,"Timperley, H. W. and Edith Brill",7707871090,y,,2,4,,16-MAY-2007
"Ancient Wisdom, The",133,"Ashe, Geoffrey",9113984024,n,01-JUL-1990,0,2,5.99,16-MAY-2017
Angel,823,"Taylor, Elizabeth",1719761832,y,,1,4,,05-NOV-2012
Angels and Aliens,1.9,"Thompson, Keith",3025780657,y,01-MAR-1994,1,1,12.49,18-MAY-2002
Angels and Insects,823,"Byatt, A. S.",8491901694,y,11-OCT-2005,5,12,5.99,12-MAY-2015
Anglo-Saxon Attitudes,823,"Wilson, Angus",978-4286689649,y,12-MAR-2009,3,4,5.99,29-MAY-2017
Animal Farm,823,"Orwell, George",9386231219,n,03-JAN-1976,0,10,0.99,16-MAY-2017
Anti-Ice,823,"Baxter, Stephen",8439287263,n,05-DEC-1996,0,4,17.99,16-MAY-2017
Antic Hay,823,"Huxley, Aldous",3417407038,y,31-MAY-1997,1,4,5.99,21-NOV-2002
"Anubis Gates, The",823,"Powers, Tim",0374534675,y,01-JUN-1987,2,1,4.99,30-DEC-1996
"Ape That Spoke, The",500,"McCrone, John",7847077366,y,20-FEB-2001,2,1,17.99,09-MAY-2009
Ape and Essence,823,"Huxley, Aldous",2707236573,y,20-DEC-2000,3,2,5.99,25-OCT-2007
Apocalypse,306,"Lawrence, D H",2753547352,y,04-APR-1998,2,4,21.5,03-NOV-2007
Apocalypses,900,"Weber, Eugen",6110584497,y,31-DEC-2000,2,2,5.99,19-MAR-2009
"Apparent Stability, The",820.9,"Bedford, Sybille",4778025562,y,01-AUG-1983,2,4,1.99,21-JAN-1989
Approaching Oblivion,823,"Ellison, Harlan",515886492X,y,01-MAR-1990,1,10,5.99,06-NOV-1990
Arcadia: The Dream of Perfection in Renaissance England,306,"Nicholson, Adam",0190831143,y,,1,2,,02-AUG-2015
Archangel,823,"Harris, Robert",9459671066,y,18-SEP-1996,2,4,7.99,05-DEC-2004
Archeology  and Language,410.9,"Renfrew, Colin",5750666976,n,30-APR-1996,0,2,7.99,16-MAY-2017
"Architecture of Desire, The",823,"Gentle, Mary",6229851393,y,01-JAN-1993,4,1,5.99,02-AUG-2002
Are We Alone?,520,"Davies, Paul",7491204952,y,02-FEB-1996,1,2,5.99,02-SEP-2005
Aristotle in 90 Minutes,185,"Strathern, Paul",1651351997,n,30-AUG-2000,0,2,5.99,16-MAY-2017
Arrival and Departure,823,"Koestler, Arthur",978-3674508456,y,29-APR-2015,5,2,12.49,15-MAY-2018
"Arrow of Time, The",530,Coveney and Highfield,3757557354,y,01-FEB-1993,1,2,17.99,02-SEP-2002
"Art of English, The: Everyday Creativity",418,"Maybin, Janet and Joan Swann (Eds)",9436743855,y,28-JAN-1999,1,2,17.99,16-APR-2007
"Art of English, The: Literary Creativity",418,"Goodman, Sharon Goodman and Kieran O'Halloran",625705874X,y,10-OCT-1995,1,4,5.99,10-MAY-2005
"Art of Fiction, The",809.3,"Lodge, David",8240218236,y,09-JUN-1998,2,4,5.99,13-APR-2005
"Art of Memory, The",153.1,"Yates, Frances A",9406858477,y,,1,2,,09-FEB-2010
Artificial Life,500,"Levy, Steven",0415850110,y,01-APR-1994,2,0,12.49,31-OCT-2003
Artificial Worlds,500,"Morris, Richard",9784830729,y,,2,0,,08-SEP-2006
As Man Becomes Machine,300,"Rorvik, David M",6668838391,y,01-JUL-1977,1,4,0.99,05-MAY-1984
"Ascent of Science, The",500,"Silver, Brian L",6870516090,y,,2,4,,20-MAR-2014
Asta's Book,823,"Vine, Barbara",5430892774,y,03-SEP-2004,4,10,17.99,20-NOV-2012
Astonishing the Gods,823,"Okri, Ben",978-8319931830,n,27-DEC-2015,0,10,7.99,16-MAY-2017
"Astronomers, The",520.9,"Rohan, Colin",5540006680,y,01-JUL-1992,1,4,21.5,06-MAY-1999
Astronomy Before the Telescope,520.9,"Walker, Christopher (ed.)",6219610598,y,,1,2,,20-MAR-2014
At Home in the Universe,500,"Kaufmann, Stuart",9812433366,y,05-NOV-1997,2,0,7.99,22-JAN-2006
At the Fringes of Science,500,"Friedlander, Michael W",978-5206959772,y,28-DEC-2013,2,4,12.49,15-MAY-2018
At the Mountains of Madness,823,"Lovecraft, H P",5073523789,n,01-FEB-1977,0,2,0.99,16-MAY-2017
"At the Threshold: UFOs, Science and the New Age",300,"Emmons, Charles F",9477901198,y,03-DEC-2004,1,2,7.99,04-JUL-2014
Atonement,823,"McEwan, Ian",978-1467122758,y,25-APR-2009,5,4,17.99,07-SEP-2010
"Atrocity Exhibition, The",823,"Ballard, J G",2646044890,y,01-MAR-1984,3,10,1.99,18-MAY-1992
"Automotive Nightmare, The",301.5,"Baird, Alistair",345757083X,n,01-MAY-1977,0,1,2.99,16-MAY-2017
"Avalonians, The",942.08,"Benham, Patrick",9659802974,y,18-NOV-2001,1,4,5.99,04-FEB-2010
"Awfully Big Adventure, An",823,"Bainbridge, Beryl",2297541873,y,31-DEC-2000,1,10,5.99,01-AUG-2010
"B List, The",791.43,"Sterritt, David, and john Anderson (eds)",6914217489,y,,1,0,,21-JAN-2008
Babylon Revisited,823,"Fitzgerald, F Scott",2151547504,y,01-MAY-1994,5,12,5.99,18-JUL-2002
Bare Bones,823,"Reichs, Kathy",978-8589550545,y,03-JUN-2015,1,4,5.99,15-MAY-2018
"Battle For God, The",200,"Armstrong, Karen",3595932542,y,01-JUL-1986,2,2,1.99,30-JAN-1996
"Beach, The",823,"Garland, Alex",978-1531270021,y,18-APR-2015,1,10,12.49,15-MAY-2018
Beacon for Change: How Festival of Britain Shaped Modern Age,941.9,"Turner, Barry",2302458003,n,,0,1,,16-MAY-2017
"Beast That Shouted Love at the Heart of the World, The",823,"Ellison, Harlan",1895198981,y,01-SEP-1979,2,2,1.99,06-JUL-1986
"Beastly Beatitudes of Balthazar B, The",823,"Donleavy, J P",513113094X,n,01-MAY-1980,0,1,1.99,16-MAY-2017
Beautiful Just!,823,"Beckwith, Lilian",2115771036,y,28-MAY-2001,3,1,5.99,17-JUN-2003
"Beautiful and the Damned, The",823,"Fitzgerald, F Scott",1457304978,y,01-MAY-1994,1,1,5.99,09-JUN-1998
"Bedsitting Room, The",822,"Milligan, Spike",8087914608,n,01-MAY-1979,0,1,3.5,16-MAY-2017
Behind the Scenes at the Museum,823,Atkinson Kate,978-2721729173,y,27-DEC-2015,4,1,17.99,15-MAY-2018
Behold the Man,823,"Moorcock, Michael",0190347689,n,01-JAN-1976,0,1,1.5,16-MAY-2017
Being Digital,500,"Negroponte, Nicholas",7985878935,y,12-FEB-1998,1,4,12.49,17-DEC-2004
"Bell Jar, The",823,"Plath, Sylvia",6632029408,y,01-MAY-1978,4,2,2.99,06-JAN-1979
Beneath the City Streets,320.9,"Laurie, Peter",4042233016,y,12-FEB-1974,2,4,0.99,13-SEP-1983
Beowulf,823,Anon,5664910761,n,01-APR-1978,0,12,2.99,16-MAY-2017
Best SF From New Worlds 3,823,Various,6609163138,y,02-OCT-1997,3,12,7.99,03-MAY-2007
Best SF From New Worlds 5,823,"Moorcock, Michael (ed.)",5334148661,y,30-NOV-2003,1,10,5.99,19-DEC-2005
Best SF From New Worlds 7,823,"Moorcock, Michael (ed.)",1439477998,y,07-DEC-2003,3,2,21.5,15-JAN-2008
Best SF Stories from New Worlds,823,"Moorcock, Michael (ed.)",0104194339,y,30-NOV-2003,3,1,7.99,16-FEB-2012
Best of Asimov,823,"Asimov, Isaac",0516532734,n,01-JAN-1976,0,4,1.99,16-MAY-2017
Best of British: Cinema and Society from 1930 to the Present,791.43,"Aldgate, Anthony and Richards, Jeffrey",8153905304,y,15-JAN-2000,2,4,7.99,19-NOV-2006
Best of New Worlds,823,Various,7592364283,y,01-SEP-1987,2,1,1.99,13-JAN-1989
"Best of Saki, The",808.3,Saki,8283259621,n,01-JAN-1988,0,2,4.5,16-MAY-2017
Between Heaven and Hell,813.52,Various,0811826941,y,01-JUN-1983,2,2,5.49,21-NOV-1988
Between Science and Values,501,"Graham, Loren R",052438243X,y,15-OCT-1995,2,1,5.99,01-JAN-2004
Between the Acts,823,"Woolf, Virginia",183203036X,y,01-JUN-1980,5,10,2.99,31-DEC-1989
Beyond the Grey Flannel Suit,809.3,"Castronovo, Facid",9446435352,y,21-JUN-2002,1,4,12.49,20-JAN-2012
Beyond the Occult,133.4,"Wilson, Colin",5671465898,y,03-NOV-1996,1,1,5.99,12-DEC-2000
Beyond the Outsider,820,"Wilson, Colin",5195747197,y,25-FEB-1998,1,2,5.99,26-SEP-2007
Big Breasts and Wide Hips,823,"Yan, Mo",0639880649,y,,4,4,,02-AUG-2015
Big Planet,823,"Vance, Jack",2054202688,n,08-JUN-2004,0,10,7.99,16-MAY-2017
Billion Year Spree,520,"Aldiss, Brian",7066185669,y,01-JAN-1987,2,2,1.99,20-MAR-1995
Biology of Computer Life,500,"Simons, Geoff",5702188837,n,01-MAY-1993,0,1,17.99,16-MAY-2017
"Birds, The and Other Stories",808.3,"De Maurier, Daphne",978-8452571048,n,27-MAR-2015,0,4,17.99,16-MAY-2017
Birdsong,823,"Faulkes, Sebastian",1230975492,y,01-MAR-1994,1,10,12.49,18-MAY-2002
"Birth of the New Physics, The",530.9,"Cohen, I B",2429632909,y,01-FEB-1978,2,2,0.99,20-APR-1986
"Birthday Present, The",823,"Vine, Barbara",978-6241221589,y,06-JUL-2011,3,4,5.99,15-MAY-2018
Bitteroot,823,"Burke, James Lee",5534688060,y,22-JAN-2002,5,2,12.49,23-AUG-2011
"Black Corridor, The",823,"Moorcock, Michael",5729671948,n,01-JAN-1976,0,1,2.99,16-MAY-2017
Black Easter,823,"Blish, James",9237352162,y,01-SEP-1981,4,10,4.5,09-MAY-1982
Black Holes,500,"Taylor, John",8356420015,y,01-JAN-1976,2,2,0.99,23-JUN-1981
Black Mass: Apocalyptic Religion and the Death of Utopia,306,"Gray, John",8574583697,y,15-NOV-1995,2,4,7.99,23-FEB-1996
Black Narcissus,823,"Godden, Rumer",6343546648,y,15-SEP-1995,4,2,5.99,15-APR-2005
Black Spring,823,"Miller, Henry",9808603190,y,01-MAY-1979,1,2,2.99,20-MAY-1981
"Black Swan, The",306,"Taleb, Nassim Nicholas",7251730565,y,,1,1,,05-NOV-2012
"Black Tower, The",823,"James, P D",5389966436,y,29-JUL-1997,2,4,5.99,19-JAN-2003
Blade Runner,809.3,"Bukatman, Scott",3634250115,y,03-AUG-1998,1,1,5.99,20-OCT-2006
"Blank Slate, The",500,"Pinker, Steven",9315071804,y,,1,4,,05-NOV-2012
Bliss,823,"Carey, Peter",978-7166897257,n,26-SEP-2008,0,10,12.49,16-MAY-2017
"Blood Doctor, The",823,"Vine, Barbara",978-6345163000,y,13-DEC-2007,4,1,17.99,29-FEB-2016
Blood Lines,808.3,"Rendell, Ruth",6634473729,y,24-MAY-2002,2,2,12.49,28-MAR-2009
"Blood Red Game, The",823,"Moorcock, Michael",5524046163,n,01-JAN-1976,0,1,0.99,16-MAY-2017
"Bloody Chamber, The",808.3,"Bates, H E",3543520343,y,03-MAY-2001,2,0,5.99,07-MAR-2008
Blue Mars,823,"Robinson, Kim Stanley",8557908991,y,13-DEC-1999,1,1,5.99,29-FEB-2008
Blueprint for Survival,577,Various,6620817094,n,01-FEB-1980,0,1,2.99,16-MAY-2017
Blueprint for Survival,577,Various,423321072X,n,13-DEC-1997,0,1,5.99,16-MAY-2017
Body Language: How to Read Others' Thoughts By Their Gestures,153,"Pease, Allan",7352731855,y,17-JUL-2002,2,0,7.99,24-MAR-2003
Bohemians: The Glamorous Outcasts,306,"Wilson, Elizabeth",978-5877056348,y,16-FEB-2008,2,1,5.99,04-MAY-2016
Bomb Culture,306,"Nuttall, Jeff",9633364668,y,01-AUG-1979,1,2,1.99,01-MAR-1989
Bonjour Tristesse,823,"Sagan, Francoise",978-8376197004,y,20-MAY-2013,4,1,17.99,15-MAY-2018
"Book of Babel, The",410,"Lewis, Nigel",6740831945,y,31-OCT-2001,1,4,21.5,23-APR-2007
Book of Friends,823,"Miller, Henry",0443892079,n,01-NOV-1982,0,2,2.99,16-MAY-2017
Book of Martyrs,823,"Moorcock, Michael",2321612682,n,01-FEB-1987,0,10,1.99,16-MAY-2017
"Book of Merlyn, The",823,"White, T H",4780244117,y,01-JAN-1992,1,1,5.99,19-MAR-2000
"Book of Paradox, The",823,"Cooper, Louise",937958388X,n,01-DEC-1978,0,1,2.99,16-MAY-2017
"Book of Visions, The",520,"Albery, Nicholas (Ed)",7398502793,n,01-JUN-1986,0,2,1.99,16-MAY-2017
"Bourne Identity, The",823,"Ludlum, Robert",8407673793,y,03-AUG-1998,1,10,7.99,03-MAR-2008
"Brain Takes Shape, The",153,"Martensen, Robert L",0085379113,y,02-DEC-1998,1,4,5.99,21-DEC-2000
Brave New World,823,"Huxley, Aldous",9221303607,y,01-JAN-1976,4,10,0.99,19-MAR-1984
Brave New World Revisited,824,"Huxley, Aldous",6099246389,y,27-MAY-1997,2,2,5.99,26-DEC-2006
"Breaker, The",823,"Walters, Minette",023783654X,n,15-NOV-2002,0,1,5.99,16-MAY-2017
Breakfast in the Ruins,823,"Moorcock, Michael",1622836046,y,01-JUN-1987,1,10,4.99,30-DEC-1996
Breakfast of the Champions,823,"Moorcock, Michael",6885039838,y,01-DEC-1986,3,10,4.5,01-JUL-1996
Breaking of Nations,320,"Cooper, Robert",0606681854,y,16-JAN-2003,1,2,12.49,16-AUG-2012
"Breaking of Nations, The",320.1,"Cooper, Robert",3007587517,y,10-JAN-2003,1,4,7.99,10-AUG-2012
"Bride of Science, The",500.9,"Woolley, Benjamin",4818059422,y,,2,2,,02-AUG-2015
Brideshead Revisited,823,"Waugh, Evelyn",978-8455640743,y,30-NOV-2014,4,4,5.99,15-MAY-2018
"Bridesmaid, The",823,"Rendell, Ruth",4814740757,y,01-AUG-1992,2,10,17.99,02-MAR-2002
Brief History of Mathematical Thought,510.9,"Heaton, Luke",3297792758,y,03-NOV-1996,2,1,5.99,04-JUN-2006
"Brief History of Time, A",500,"Hawking, Stephen",8789973496,y,01-APR-1991,1,4,17.99,30-OCT-2000
"Brief History of Tomorrow, A: The future past and present",335,"Margolis, Jonathan",5269150480,y,07-SEP-2004,1,2,5.99,24-NOV-2012
"Bright Lights, Big City",823,"McInnery, Jay",978-0647487664,y,30-MAR-2014,4,1,5.99,15-MAY-2018
Bright Young Things,904,"Maloney, Alison",1203250615,y,07-SEP-1998,1,4,21.5,12-JUL-2005
Brightness Falls,823,"McInerney, Jay",6849930853,y,14-JUL-2002,1,1,5.99,12-FEB-2012
Brighton Rock,823,"Greene, Graham",387065330X,n,01-MAR-1982,0,10,4.99,16-MAY-2017
"Brimstone Wedding, The",823,"Vine, Barbara",661318384X,y,24-NOV-2001,1,12,21.5,14-DEC-2003
Britain Can Take It,791.43,"Aldgate, Anthony and Richards, Jeffrey",6675247572,n,08-JUL-2000,0,4,21.5,16-MAY-2017
Britain's Weather,551.5,"Bowen, David",4954100966,y,01-JUL-1990,2,2,12.49,30-JAN-2000
Britannia,912,"Ogilby, John,  and Alexander Duckham",5610980348,y,,1,4,,09-FEB-2010
"British Cinema Book, The",791.43,"Murphy, Robert (ed.)",1140136240,y,20-JAN-2000,2,1,5.99,24-NOV-2006
British Cinema and Thatcherism,791.43,"Friedman, Lester (ed.)",7947128437,n,01-JAN-1995,0,4,17.99,16-MAY-2017
"British Genetic Journey, The",575.1,"Moffat, Alistair",6423881564,y,,1,1,,20-MAR-2014
"British Intelligence: Secrets, Spies and Sources",353.1,"Twigge, Stephen,  Edward Hamphire, Graham Macklin",978-4067835032,y,01-JAN-2011,1,1,17.99,15-MAY-2018
British Science Fiction Cinema,791.43,"Hunter, I Q",8392337830,y,25-APR-1997,2,2,17.99,24-NOV-2006
British Society 1914-45,941.082,"Stevenson, John",8328970330,y,14-MAY-1998,2,4,17.99,31-JUL-2006
British Society Since 1945,306.09,"Marwick, Arthur",1640689248,y,12-DEC-1998,2,2,7.99,07-SEP-2001
Britons: Forging the Nation 1707 - 1837,941,"Colley, Linda",1812920501,n,01-DEC-2002,0,1,5.99,16-MAY-2017
Broken Harbour,823,"French, Tana",9828724177,y,01-DEC-1994,3,2,5.99,17-FEB-2003
"Brothel in Rosenstrasse, The",823,"Moorcock, Michael",0603317027,n,01-NOV-1988,0,1,4.5,16-MAY-2017
Brunel,624.92,"Rolt, L T C",6060075912,n,01-MAY-1987,0,0,4.99,16-MAY-2017
Bug Jack Barron,823,"Spinrad, Norman",0935187471,y,10-OCT-1981,1,12,1.99,27-DEC-1989
Bully for Brontosaurus,570,"Gould, Stephen Jay",9086482636,y,01-APR-1992,1,4,7.99,18-JUN-2000
Bureaucracy,300,"Albrow, Martin",0142702474,n,01-APR-1978,0,0,1.99,16-MAY-2017
Burning Chrome,823,"Gibson, William",978-3414047218,y,22-DEC-2008,1,12,5.99,11-JAN-2011
"Burnt-out Case, A",823,"Green, Graham",978-1124858242,n,04-FEB-2014,0,1,12.49,16-MAY-2017
"Business, The",823,"Banks, Iain",978-7009772797,y,04-AUG-2011,2,1,5.99,12-SEP-2015
C G Jung: The Haunted Prophet,150.9,"Stern, Paul J",5959560068,n,18-OCT-1999,0,4,12.49,16-MAY-2017
Cabal,909,"Dibden, Michael",3608490719,y,29-SEP-2004,2,4,5.99,04-AUG-2011
"Calendar, The",520,"Ewing Duncan, David",5479817011,y,01-FEB-1994,2,4,5.99,20-APR-2002
Cambridge Companion to Mary Wollstonecraft,809.4,"Johnson, Claudia L",1856194558,y,02-OCT-1997,1,0,21.5,19-DEC-2005
"Cambridge Quintet, The",500.9,"Casti, John L",809173545X,y,16-OCT-2002,1,4,12.49,16-MAY-2012
"Cambridge Social History of Britain, The: Vol 2 People and Their Environment",900,F M L Thompson (Ed.),8702034638,n,15-SEP-1999,0,2,21.5,16-MAY-2017
"Camomile Lawn, The",823,"Wesley, Mary",978-3175664085,y,12-MAR-2009,1,4,5.99,01-APR-2011
"Can Book, The",780.92,Busey and Hall,2693875680,n,01-DEC-1989,0,4,1.99,16-MAY-2017
Can You Speak Venusian?,1.9,"Moore, Patrick",6243129436,y,30-JUL-1996,1,1,12.49,16-OCT-2004
Candide,823,Voltaire,9645133470,n,01-JUL-1992,0,1,21.5,16-MAY-2017
"Canticle For Liebowitz, A",823,"Miller Jr, Walter J",4976168193,y,01-JAN-1979,3,1,0.99,05-NOV-1985
"Capitalism, Socialism and Democracy",321,"Schumpeter, Joseph",7447552377,y,,2,0,,05-NOV-2012
Capitalism: A Very Short Introduction,330,"Fulcher, James",978-0755265500,y,07-SEP-2015,1,4,21.5,15-MAY-2018
Carnage and Culture,355.94,"Hanson, Victor Davis",978-0769618568,y,20-FEB-2016,2,4,17.99,15-MAY-2018
Case Histories,823,"Atkinson, Kate",978-8155435891,y,29-DEC-2015,3,4,21.5,15-MAY-2018
"Case of the Midwife Toad, The",600.9,"Koestler, Arthur",8656932078,y,01-MAY-1995,1,2,7.99,29-NOV-2004
Cashel Byron's Profession,823,"Shaw, George Bernard",3818082853,n,01-JAN-1978,0,1,0.99,16-MAY-2017
Cassandra's Daughter,154.2,"Schwartz, Joseph",2661221313,y,,1,1,,20-MAR-2014
"Castle, The",823,"Kafka, Franz",0599015481,y,01-AUG-1979,1,4,1.5,18-OCT-1987
Cat Karina,823,"Coney, Michael",5231547437,y,24-JAN-1998,2,1,5.99,25-AUG-2007
Cat and Mouse,823,"Grass, Gunter",5342227265,n,01-APR-1978,0,10,0.99,16-MAY-2017
Cat's Cradle,823,"Vonnegut, Kurt",126883216X,y,01-APR-1983,1,12,4.5,30-OCT-1992
Catch-22,823,"Heller, Joseph",5090614345,y,01-JUN-1980,4,1,1.99,31-DEC-1989
"Catcher in the Rye, The",823,"Salinger, J D",3817571366,y,01-SEP-1978,5,12,1.5,06-JUL-1985
Celtic Myth and Arthurian Romance,398.2,"Sherman Loomis, Roger",978-479452228X,y,13-JUL-2009,1,4,5.99,29-SEP-2017
"Celts, The",940,"Delaney, Frank",642528928X,n,24-MAR-1996,0,2,17.99,16-MAY-2017
"Celts, The",305.8916,"Chadwick, Nora",2738474734,y,29-NOV-1996,2,2,5.99,30-JUN-2006
"Centaur, The",823,"Blackwood, Algernon",978-6486476523,y,25-OCT-2007,4,1,5.99,29-AUG-2014
"Century of Revolution, The: 1603-1714",909.07,"Hill, Christopher",706035804X,n,25-JUL-1997,0,1,5.99,16-MAY-2017
"Ceres Solution, The",823,"Shaw, Bob",0722332443,n,01-MAR-1987,0,1,1.99,16-MAY-2017
"Chain of Chance, The",823,"Lem, Stanislav",3289459298,n,13-MAR-2001,0,12,5.99,16-MAY-2017
"Chalk Giants, The",823,"Roberts, Keith",0777667188,n,01-AUG-1983,0,10,1.99,16-MAY-2017
Challenge to Science:The UFO Enigma,1.9,"Vallee, Jacques",0030265958,y,01-JAN-1977,2,2,2.99,20-MAR-1985
Changing English,418,"Graddol, David, Dick Leith, et al",978-1058848403,y,22-APR-2011,1,2,17.99,15-MAY-2018
Changing Face of Britain,942,"Hyams, Edward",4484993794,y,12-JUN-1997,1,1,17.99,29-AUG-2005
Chaos,520,"Gleick, James",3984170451,y,01-FEB-1991,2,2,21.5,01-SEP-2000
Chapter House Dune,823,"Herbert, Frank",1795996652,y,27-MAY-1986,1,10,4.5,13-AUG-1994
Chariots of the Gods,1.9,"Von Daniken, Erich",8040996584,y,01-JAN-1976,1,4,1.5,05-NOV-1982
Chasing the Sun,413.9,"Green, Jonathon",4267728270,y,27-DEC-1995,2,4,5.99,31-OCT-2002
Chatterton,823,"Ackroyd, Peter",978-4660642657,y,11-JAN-2015,3,4,5.99,15-MAY-2018
Chemistry of Conscious States,153,"Hobson, J Allan",8869492034,y,20-FEB-1997,2,2,12.49,21-SEP-2006
"Child's Child, The",823,"Vine, Barbara",1800373542,y,,1,4,,24-JUN-2011
Childhood's End,823,"Clarke, Arthur C",9621161371,y,01-JUL-1980,4,2,4.5,21-JUL-1982
Children of Apollo,823,"Whittington, Mark R",978-6425153434,y,02-NOV-2006,5,2,7.99,10-JUL-2007
Children of Dune,823,"Herbert, Frank",3488921753,y,01-MAR-1978,1,10,1.99,18-MAY-1986
"Children of Men, The",823,"James, P D",4538356133,y,16-AUG-1997,4,12,5.99,17-MAR-2007
Children of Prometheus,500,"Wills, Christopher",532544191X,y,06-NOV-2003,1,2,17.99,28-APR-2009
Children of the Night,823,"Blackburn, John",8993847416,n,01-NOV-1976,0,10,1.5,16-MAY-2017
Chimera,823,"Barth, John",8145193257,y,01-JUL-1981,4,10,4.99,05-MAY-1988
"Chimney Sweeper's Boy, The",823,"Vine, Barbara",978-9547326658,y,18-JUL-2006,2,10,17.99,04-OCT-2014
Chocky,823,"Wyndham, John",8439805521,n,01-NOV-1993,0,4,5.99,16-MAY-2017
Chomsky,415.9,"Lyons, John",7434110231,y,27-SEP-2003,2,2,12.49,14-DEC-2011
Chomsky for Beginners,410,"Maher, John and Groves, Judy",7841986524,n,15-JUN-1997,0,1,5.99,16-MAY-2017
"Chymical Wedding, The",823,"Clarke, Lindsay",0094761578,y,30-SEP-1996,1,4,7.99,17-DEC-2004
Cider with Rosie,823,"Lee, Laurie",1079601138,n,01-DEC-1980,0,4,2.99,16-MAY-2017
Cities and Civilizations,900,"Hibbert, Christopher",2073572526,y,28-DEC-1996,2,2,17.99,17-JAN-1999
City of Light,823,"Doane, Michael",7467472994,y,22-SEP-2005,3,4,5.99,23-APR-2015
City of Revelation,133.5,"Michell, John",0242136438,n,01-JAN-1976,0,2,1.99,16-MAY-2017
City of Spades,823,"MacInnes, Colin",7184734916,y,01-JUL-1987,1,2,1.99,29-JAN-1997
Civilisation and its Discontents,154.2,"Freud, Sigmund",2037755769,y,01-JAN-1995,2,2,5.99,20-JAN-1997
Civilization,306.4,"Bell, Clive",3806862493,n,01-JUL-1992,0,2,12.49,16-MAY-2017
"Civilization of the Crowd, The",306,"Golby, J M and A W Purdue",3211645742,y,05-OCT-1995,2,2,5.99,05-MAY-2005
Class Inequality and Political Order,300,"Parkin, Frank",3574867972,y,01-JUN-1984,2,2,1.99,18-AUG-1992
Clausewitz: A Very Short Introduction,355,"Howard, Michael",978-0538077639,y,28-NOV-2015,1,0,5.99,15-MAY-2018
"Claw of the Conciliator, The",823,"Wolfe, Gene",7870432072,y,01-MAR-1989,4,1,4.5,04-JAN-1996
"Climatic Threat, The",550,"Gribbin, John",1484329105,y,27-MAY-1997,2,1,17.99,26-DEC-2006
"Clockwork Orange, A",823,"Burgess, Anthony",7867990582,y,02-SEP-2000,5,4,17.99,19-NOV-2008
Close Encounters: Science and Science Fiction,809.3,"Lambourne, Robert, et al",8412610497,y,23-MAY-2001,2,4,7.99,09-AUG-2009
Close Quarters,823,"Golding, William",7689826739,n,01-APR-1989,0,1,5.49,16-MAY-2017
Close to the Bone,823,"MacBride, Stuart",2152460824,y,16-AUG-1998,4,4,5.99,02-NOV-2006
Cloud Atlas,823,"Mitchell, David",978-5462815401,n,24-MAR-2008,0,1,5.99,16-MAY-2017
"Cogwheel Brain, The",500,"Swade, Doron",978-9434779947,y,16-APR-2009,1,2,5.99,19-FEB-2016
Colin Wilson: The Man and His Mind,809.3,"Dossor, Howard F",978-9899350298,y,05-MAY-2009,1,2,12.49,15-MAY-2018
Collapse,500,"Diamond, Jared",489232867X,y,27-SEP-2003,1,4,5.99,14-DEC-2011
Collected Ghost Stories,808.3,"James, M R",978-4227510441,y,31-DEC-2008,2,4,5.99,15-MAY-2018
Collected Short Stories,808.3,"Forster, E M",978-5202311545,n,16-SEP-2007,0,4,21.5,16-MAY-2017
"Collector, The",823,"Fowles, John",978-9177509420,y,03-AUG-2006,3,10,12.49,22-AUG-2008
Colony,823,"Bova, Ben",2000821578,n,01-OCT-1993,0,10,21.5,16-MAY-2017
"Colour Purple, the",823,"Walker, Alice",1780228716,y,13-MAR-1983,5,12,4.5,11-OCT-1992
"Comedians, The",823,"Greene, Graham",5290203293,y,01-FEB-1996,1,1,5.99,24-JUL-2001
"Comfort of Strangers, The",823,"McEwan, Ian",692931976X,y,01-JAN-1988,4,10,1.99,01-AUG-1997
Coming of Age in the Milky Way,520,"Ferris, Timothy",9826562325,y,01-AUG-1993,2,4,5.99,02-MAR-2003
"Coming of the Mass Market, The",900,"Fraser, W Hamish",8636126662,y,01-OCT-1999,1,4,21.5,18-DEC-2007
"Common Sense of Science, The",501,"Bronowski, J",8384431469,y,01-APR-1996,1,1,5.99,18-JUN-2004
"Common Sense, Science, and Skepticism",501,"Musgrave, Alan",6035795648,y,,2,4,,05-NOV-2012
Communicating Science: Contexts and Channels,501.4,"Scanlon, Eileen, Elizabeth Scanlon, and Simeon Yates (eds.)",3776267960,y,28-FEB-2003,2,1,17.99,24-NOV-2005
Communicating Science: Professional Contexts,501.4,"Scanlon, Eileen, Roger Hill and Kirk Junker (eds.)",7452167663,y,14-FEB-2003,1,2,12.49,19-DEC-2009
Communications,300,"Williams, Raymond",5870288483,y,01-FEB-1979,1,4,0.99,06-DEC-1985
Communion,1.9,"Streiber, Whitley",2928107238,n,01-JUN-1988,0,1,4.99,16-MAY-2017
Communities in Britain: Social Life in Town and Country,300,"Frankenberg, Ronald",3900308909,y,01-SEP-1994,2,2,12.49,01-APR-2004
Companion to Literature in English,803,"Ousby, Ian (Ed.)",8984022447,y,,2,1,,20-MAR-2014
Complete Shakespeare,822.3,"Shakespeare, William",7586530292,y,,2,1,,05-NOV-2012
Complexity,500,"Waldrop, N Mitchell",6654182140,y,01-JAN-1994,1,2,5.99,21-JAN-1996
Complexity,500,"Lewin, Roger",7140686832,y,01-MAY-1995,2,1,21.5,05-MAR-2002
Complicity,823,"Banks, Iain",978-9682773677,y,04-JUN-2006,2,1,7.99,08-APR-2013
"Concept of Mind, The",128.2,"Ryle, Gilbert",042334112X,y,01-MAY-1991,2,1,5.99,18-JUL-1999
Conceptual Revolutions,501,"Thagard, Paul",3751773328,y,,1,2,,05-NOV-2012
Concise Encyclopedia of Western Philosophy,100.3,"Urmson, J O, and Ree,",9309146632,y,,1,2,,05-NOV-2012
Conclusions from Controlled UFO Hoaxes,1.9,"Simpson, David",3456440341,y,23-DEC-2005,1,4,12.49,02-APR-2006
"Concrete Garden, The",823,"McEwan, Ian",6491193048,y,01-JUL-1980,4,2,2.99,17-SEP-1988
"Condition of Muzak, The",823,"Moorcock, Michael",5492912296,y,01-MAY-1979,1,1,0.99,18-JUL-1987
Consciousness Explained,150,"Dennet, Daniel C",6898319804,y,01-DEC-1993,1,1,5.99,17-FEB-2002
Consciousness Reconsidered,128.2,"Flanagan, Owen",6062495753,y,01-JUN-1994,1,2,5.99,05-APR-2001
Consciousness and Society,300,"Hughes, H. Stuart",164692579X,y,27-AUG-2002,1,1,7.99,15-SEP-2004
Consciousness: How Matter Becomes Imagination,150,"Edelman, Gerald M, and Giulio Tononi",8213537670,y,28-NOV-2003,2,1,5.99,28-JUN-2013
Consider Phlebas,823,"Banks, Iain M",0165737756,y,01-JUL-1989,4,4,4.99,09-AUG-1993
Consilience,500,"Wilson, E O",003260814X,y,15-APR-2004,2,4,5.99,02-JUL-2012
"Consolations of Philosophy, The",100,"De Botton, Alain",6240542287,y,21-APR-2004,1,2,17.99,24-FEB-2011
"Construction of Social Reality, The",100,"Searle, John R",9214980267,y,14-JAN-2000,1,2,7.99,18-NOV-2006
Consuming Passions: The Dynamics of Popular Culture,820.9,"Williamson, Judith",6631811320,y,04-AUG-1998,1,4,5.99,25-JAN-2004
"Contemporary Cinema, The",791.43,"Houston, Penelope",845563978X,y,15-APR-1997,1,2,12.49,06-OCT-2002
"Continuous Katherine Mortenhoe, The",823,"Compton, D G",978-7189288343,y,24-MAR-2014,2,2,7.99,15-MAY-2018
Conversations With the Sphinx,500,"Klein, Etienne",027564683X,y,25-DEC-1997,1,1,21.5,13-MAR-2006
Conversations on Truth,100,"Gordon, Mick and Chris Wilkinson (eds)",978-1652609087,y,20-APR-2015,2,1,21.5,15-MAY-2018
Cool It!,500,Lomberg. Bjorn,6163723281,y,19-JUN-1998,2,0,5.99,05-SEP-2006
"Copper Peacock, The",808.3,"Rendell, Ruth",978-4169856973,y,05-OCT-2006,2,2,5.99,17-FEB-2008
"Corrupted Science: Fraud, Ideology and Politics in Science",306.4,"Grant, John",2550898955,y,27-OCT-1995,1,1,17.99,31-AUG-2002
"Cosmic Connection, The",500,"Sagan, Carl",5054756890,y,01-NOV-1994,2,0,5.99,05-SEP-2001
"Cosmological Eye, The",810,"Miller, Henry",6272917234,y,01-NOV-1990,1,2,7.99,01-JUN-2000
Cosmopolis,909.82,"Toulmin, Stephen",3447042682,y,06-SEP-2003,1,4,17.99,26-FEB-2009
"Cosmos, Chaos and the World to Come",291.2,"Cohn, Norman",952226625X,y,30-OCT-2002,1,4,17.99,16-JAN-2011
Count Zero,823,"Gibson, William",3264674900,y,01-MAY-1988,1,2,5.49,06-MAR-1995
"Course of the Heart, The",823,"Harrison, M John",3680008819,n,01-DEC-1992,0,10,5.99,16-MAY-2017
Cover Her Face,823,"James, P D",9920431245,n,17-SEP-1999,0,1,12.49,16-MAY-2017
"Crack, The",823,"Tennant, Emma",4404112722,n,01-APR-1979,0,10,1.99,16-MAY-2017
Cracked: Why Psychiatry is Doing More Harm Than Good,150,"Davies, James",0729660923,n,05-MAY-2003,0,2,5.99,16-MAY-2017
"Craft of Research, The",1.42,"Booth, Wayne. C, Gregory Colomb, and Joseph Williams",7664102315,y,19-SEP-2001,1,1,12.49,20-APR-2011
Crash,823,"Ballard, J G",2992122049,y,01-MAR-1979,1,2,0.99,18-MAY-1987
Creating Mind,150,"Dowling, John E",4442695335,y,06-NOV-2003,1,4,5.99,06-JUN-2013
"Creative Computer, The",500,"Mitchie, R et al",9938256680,n,01-AUG-1990,0,4,17.99,16-MAY-2017
"Creative Cosmos, The",500,"Laszlo, Ervin",7059331409,y,10-FEB-1998,2,4,17.99,29-APR-2006
Creatures of Light and Darkness,823,"Zelazney, Roger",7629984560,y,01-NOV-1979,1,4,0.99,20-NOV-1981
"Criminal History of Mankind, A",364.2,"Wilson, Colin",5800841975,n,13-DEC-2002,0,4,5.99,16-MAY-2017
"Critical History of British Cinema, A",791.43,"Armes, Roy",5540607760,n,06-JUL-2000,0,1,5.99,16-MAY-2017
"Critical and Cultural Theory Reader, A",306,"Easthope, Anthony, and McGowan, (Eds)",1761352290,y,23-NOV-2003,2,2,5.99,27-SEP-2010
"Crocodile Bird, The",823,"Rendell, Ruth",8682094639,y,10-OCT-1995,4,2,5.99,27-DEC-2003
Crome Yellow,823,"Huxley, Aldous",978-2820758327,y,10-DEC-2014,3,1,17.99,15-MAY-2018
"Cry for Myth, The",153,"May, Rollo",3764690922,y,01-MAR-1994,2,2,7.99,30-SEP-2003
"Crying of Lot 49, The",823,"Pynchon, Thomas",3710948729,y,01-NOV-1991,3,1,17.99,01-JUN-2001
"Crystal Bucket, The",791.45,"James, Clive",7348706283,n,01-FEB-1984,0,2,4.5,16-MAY-2017
"Cultural Babbage: Technology, Time and Invention",500,"Spufford, Francis, and Jenny Uglow (eds.)",746676898X,y,,2,2,,21-JAN-2008
"Cultural Studies Reader, A: History, Theory, Practice",820.9,"Munns, Jessica, and Rajan, Gita (eds.)",4244001668,y,,1,1,,09-FEB-2010
Cultural Theory and Popular Culture: A Reader,306,"Storey, John (ed)",7276846970,y,16-SEP-1997,2,2,5.99,06-OCT-1999
"Culture Cult, The",306,"Sandall, Roger",6876116696,y,,2,1,,24-JUN-2011
"Culture and Consensus: England, Art and Politics since 1940",942.08,"Hewison, Robert",559494021X,y,22-DEC-1996,2,1,5.99,23-JUL-2006
Culture and Imperialism,306,"Said, Edward W",1931165011,y,12-DEC-2002,2,0,5.99,12-JUL-2012
Culture in Britain Since 1945,306,"Marwick, Arthur",6491649675,n,12-MAY-1998,0,4,12.49,16-MAY-2017
"Culture of Contentment, The",330,"Galbraith, J K",4249269853,y,01-MAR-1995,1,2,12.49,18-MAY-2003
"Culture, 1922: The Emergence of a Concept",306,"Manganao, Marc",3301976092,y,14-SEP-1998,1,2,12.49,19-JUL-2005
"Cure for Cancer, A",823,"Moorcock, Michael",8506253822,y,01-SEP-1980,1,1,5.49,07-JUL-1987
"Cutting Room, The",823,"Welsh, Louise",978-0772969770,y,02-JUN-2006,5,1,17.99,01-JAN-2016
Daimonic Reality,130,"Harpur, Patrick",8668994954,y,14-OCT-2004,2,2,17.99,31-DEC-2012
"Dalkey Archive, The",823,"O'Brien, Flann",8614408098,n,14-APR-1985,0,10,4.99,16-MAY-2017
Damnation Alley,823,"Zelazney, Roger",9860446183,n,01-JUL-1977,0,4,2.99,16-MAY-2017
"Dancing Wu Li Masters, The",500,"Zukav, Gary",0006360580,y,01-OCT-1983,1,4,4.5,01-MAY-1993
Daniel Martin,823,"Fowles, John",4375692180,n,01-JUL-1984,0,1,2.99,16-MAY-2017
"Dark Adapted Eye, A",823,"Vine, Barabra",5175577051,y,21-NOV-2003,4,1,12.49,10-DEC-2005
Dark Alchemy,808.3,"Dunn, Jack and Gardner Dubois (eds)",7643296773,y,21-NOV-2003,1,2,21.5,25-SEP-2010
"Dark Room, The",823,"Walters, Minette",9230533423,y,,2,1,,20-MAR-2014
"Dark Side of Earth, The",823,"Bester, Alfred",2245096523,y,01-JAN-1982,1,10,2.99,24-JUN-1987
Dark Side of the Moon: The Magnificent Madness of the American  Lunar Quest,500.9,"DeGroot, Gerald",978-3896621435,y,14-JUL-2012,2,4,5.99,15-MAY-2018
Dark White,1.9,"Schnabel, Jim",2982656985,y,16-JAN-2003,2,0,12.49,04-APR-2011
Darkness at Noon,823,"Koestler, Arthur",9745267685,y,01-JAN-1976,4,10,0.99,05-NOV-1982
"Darwin Wars, The",576,"Brown, Andrew",978-741972593X,y,30-SEP-2008,2,4,5.99,23-MAR-2014
Darwin's Dangerous Idea,576,"Dennet, Daniel",1853669724,y,09-AUG-2003,2,2,5.99,26-OCT-2011
"Day After Judgement, The",823,"Blish, James",7816402106,n,22-AUG-2001,0,1,17.99,16-MAY-2017
"Day it Rained For Ever, The",823,"Bradbury, Ray",2077338650,n,01-APR-1976,0,10,1.5,16-MAY-2017
"Day of Forever, The",823,"Ballard, J G",1955602990,y,01-JAN-2001,1,1,5.99,20-MAR-2009
Days in the Life,900,Jonathon Green (ed),4612566207,y,09-OCT-1997,2,0,5.99,10-MAY-2007
Dead Air,823,"Banks, Iain",978-2135264525,y,21-MAY-2007,1,4,5.99,07-AUG-2015
Death and the Author,306,"Ellis, David",1951816889,y,01-DEC-1993,2,1,21.5,17-FEB-2002
Death in Venice,823,"Mann, Thomas",5018103810,y,01-MAY-1978,1,1,0.99,22-OCT-1983
"Death of Grass, The",823,"Christopher, John",978-9732728624,y,02-JAN-2015,3,1,5.99,15-MAY-2018
"Deceivers, The",823,"Bester, Alfred",4326121236,y,18-JUL-2001,2,12,5.99,07-AUG-2003
Deconstructing the Mind,128.2,"Stich, Stephen P",8053496954,y,,1,1,,05-NOV-2012
"Deer Park, The",823,"Mailer, Norman",1327283583,n,01-APR-1984,0,2,2.99,16-MAY-2017
"Defence of the Realm, The",909.81,"Andrew, Christopher",9622186357,y,01-JUL-1986,1,4,5.49,20-JUL-1988
"Delicate Truth, A",823,"Carre, John le",4753624138,y,06-JUN-2002,1,12,5.99,23-AUG-2010
Democracy and Civil Society,321.4,"Keane, John",7283150771,y,09-NOV-1997,1,4,5.99,13-SEP-2004
Democracy:  A Very Short Introduction,321.4,"Crick, Bernard",978-6000217351,y,11-JUN-2014,1,2,5.99,15-MAY-2018
"Demon in My View, A",823,"Rendell, Ruth",2919771603,y,01-MAY-1994,3,1,17.99,05-MAR-2001
"Demon-haunted World, The",501,"Sagan, Carl",5332031071,y,06-DEC-1997,2,1,12.49,07-JUL-2007
Demonic Males,500,"Wrangham, Richard, and Peterson, Dale",667903223X,y,20-APR-2000,1,4,12.49,07-JUL-2008
Derrida,190.9,"Johnson, Christopher",5397066095,y,07-MAY-2000,1,2,5.99,01-FEB-2003
Derrida for Beginners,190.9,"Collins, Jeff and Mayblin, Bill",1415595646,y,15-MAY-1998,1,4,5.99,14-DEC-2007
Descartes in 90 Minutes,190.9,"Strathern, Paul",5416810604,n,30-AUG-2000,0,4,12.49,16-MAY-2017
Descartes' Dream,500,Hersh and Davies,011105059X,y,01-JUN-1992,1,1,17.99,09-SEP-1992
Descartes' Error,510,"Damasio, Antonio R",1600230048,y,29-APR-2003,2,2,21.5,27-NOV-2012
Despatches,973.924,"Herr, Michael",959624386X,n,01-JUN-1981,0,2,1.99,16-MAY-2017
Destination Void,823,"Herbert, Frank",8180883656,n,01-NOV-1977,0,1,1.5,16-MAY-2017
"Detached Retina, The",809.3,"Aldiss, Brian",978-6280349505,y,19-AUG-2007,1,1,12.49,19-MAR-2017
"Detective Under Fire, A",823,"Keating, H R F",978-1538834014,n,15-JUN-2007,0,12,5.99,16-MAY-2017
Deus Irae,823,"Zelazney, Roger and Dick, Philip K",7490774266,y,01-DEC-1986,1,1,1.99,05-OCT-1993
Devices and Desires,823,"James, P D",6806711101,n,01-JUN-1992,0,10,17.99,16-MAY-2017
Devil in Paradise,823,"Miller, Henry",7903911438,y,01-FEB-1980,1,4,1.99,24-JUL-1985
"Devil's Party, The",307.77,"Wilson, Colin",7549450587,y,20-JAN-2004,1,0,5.99,12-JUL-2009
"Devil's Picturebook, The",133.3,"Huson, Paul",8140819132,y,01-JAN-1978,1,2,0.99,02-AUG-1987
"Devils of Loudon, The",944,"Huxley, Aldous",9775509294,y,01-JAN-1976,1,2,1.99,20-JAN-1978
Dhalgren,823,"Delaney, Samuel R",7726895142,n,01-FEB-1980,0,10,4.99,16-MAY-2017
"Diamond Age, The",823,"Stephenson, Neal",0819284912,y,09-AUG-2003,2,1,21.5,26-OCT-2011
"Dice Man, The",823,"Rhinehart, Luke",642065537X,n,01-JUL-1987,0,2,2.99,16-MAY-2017
Dictionary of Symbolism,403,"Biedermann, Hans (ed.)",0452715317,y,22-JUL-2001,1,1,12.49,08-OCT-2009
"Director's Cut, The",791.43,"Littger, Stephan (ed)",0973328767,y,28-MAY-1998,1,1,5.99,14-AUG-2006
Dirk Gently's Holistic Detection Agency,823,"Adams, Douglas",3933775790,n,01-AUG-1988,0,10,1.99,16-MAY-2017
Dirty Tricks,909,"Dibden, Michael",8097392455,y,01-MAR-1995,1,1,5.99,03-JAN-2002
Disappearing Through the Skylight,306,"Hardison, O B",9416452879,y,06-APR-1997,2,1,5.99,05-NOV-2006
"Disaster Area, The",823,"Ballard, J G",2888083487,y,09-JUN-1998,5,1,5.99,30-NOV-2003
"Discoverers, The",600.9,"Boorstin, Daniel J",4701023542,y,09-SEP-2001,2,2,5.99,29-SEP-2003
Discoveries,823,Various,9397086301,y,28-DEC-1995,2,1,17.99,15-MAR-2004
"Discovery of Time, The",500,"Toulmin, Stephen and Goodfield, June",9829594609,y,,2,1,,20-MAR-2014
Discrimination and Popular Culture,306,"Thompson, Denys (ed.)",3745750265,y,31-JAN-2000,2,2,12.49,18-APR-2008
"Divine Invasion, The",823,"Dick, Philip K",3756199998,y,01-JUL-1988,2,10,4.5,30-JAN-1998
Do Androids Dream of Electric Sheep,823,"Dick, Philip K",1572613852,y,01-OCT-1982,1,12,4.5,01-MAY-1992
Doctor Fischer of Geneva or the Bomb Party,823,"Greene, Graham",978-6917332465,y,05-MAY-2013,5,12,7.99,15-MAY-2018
Doctor Freud,150.9,"Ludwig, Emil",2983775503,y,07-FEB-1996,1,4,12.49,25-APR-2004
Does God Play Dice?,500,"Stewart, Iain",3872710100,y,05-OCT-1995,1,2,5.99,05-MAY-2005
"Doll's House, A",822,"Ibsen, Henrik",5279298250,y,15-JUN-1997,1,4,12.49,01-SEP-2005
Doors Open,823,"Rankin, Ian",0262817242,y,,1,10,,24-JUN-2011
"Doors of Perception and Heaven and Hell, The",306,"Huxley, Aldous",7440556175,y,01-JAN-1976,1,1,1.99,23-JUN-1981
"Doors of Perception and Heaven and Hell, The",615.78,"Huxley, Aldous",7394512043,y,01-FEB-2001,2,2,5.99,07-DEC-2007
"Dosadi Experiment, The",823,"Herbert, Frank",0522305458,y,01-NOV-1980,4,1,1.99,06-SEP-1987
"Double Helix, The",500,"Watson, Jim",9572510761,y,28-MAY-2003,1,2,7.99,26-DEC-2012
Double Indemnity,823,"Cain, James M",978-7509470916,y,25-DEC-2015,1,1,17.99,15-MAY-2018
Doubt and Uncertainty,500,"Rothman, Tony and Sudershan, George",536693670X,y,04-JAN-2002,1,1,5.99,24-JAN-2004
Down and Out in London and Paris,823,"Orwell, George",6029465197,n,01-JAN-1976,0,1,0.99,16-MAY-2017
Downbelow Station,823,"Cherryh, C J",4955827070,y,15-JUL-2002,1,12,7.99,27-NOV-2003
Dr Brody's Report,808.3,"Borges, Jorge Luis",2511234946,y,01-OCT-1980,1,2,2.99,18-DEC-1988
Dr Mirabilis,823,"Blish, James",9192279363,y,01-AUG-1988,5,12,4.5,06-JUN-1995
Dracula,823,"Stoker, Bram",978-1666913802,y,03-JUN-2015,4,10,5.99,15-MAY-2018
"Dragon and the Disc, The",1.9,"Holiday, F W",2816261418,y,01-JUN-1981,2,4,1.99,14-OCT-1982
"Dragon in the Sea, The",823,"Herbert, Frank",106553579X,y,01-OCT-1978,1,1,2.99,05-AUG-1985
Dragonflight,823,"MacAffrey, Anne",9141784990,n,01-AUG-1979,0,10,1.99,16-MAY-2017
"Dragonlance Chronicles, The",823,"Weiss and Hickman, T",3906918426,n,01-JAN-1992,0,10,5.99,16-MAY-2017
"Dragons of Eden, The",500,"Sagan, Carl",5827834167,n,01-JUN-1986,0,1,1.99,16-MAY-2017
"Dream Life, The",79.43,"Hoberman, J",978-7070718909,y,10-SEP-2008,2,2,5.99,03-MAR-2014
"Dream Master, The",823,"Zelazney, Roger",5058715402,n,01-JAN-1977,0,10,1.99,16-MAY-2017
"Dream Master, The",823,"Zelazney, Roger",5896755069,n,01-DEC-1992,0,1,7.99,16-MAY-2017
"Dream of Spaceflight, The",500,"Wachhorst, Wyn",1412586393,y,07-DEC-2003,2,2,12.49,26-DEC-2005
Dreamers of the Absolute,824,"Enzensberger, Hans Magnus",2201002260,y,01-JAN-1994,1,1,21.5,20-MAR-2002
"Dreaming Brain, The",500,"Hobson, J Allan",6465801502,y,14-MAR-1997,2,4,5.99,31-MAY-2005
Dreaming Souls,153,"Flanagan, Owen",5117204131,y,20-DEC-2005,1,2,21.5,12-JUN-2011
"Drought, The",823,"Ballard, J G",5640646231,y,01-MAY-1977,3,4,1.99,05-MAR-1984
"Drowned World, The",823,"Ballard, J G",8604078027,y,01-FEB-1982,1,1,4.5,12-MAR-1986
"Drunkard's Walk, The",500,"Mlodinow, Leanord",8117337985,y,,1,1,,20-MAR-2014
Dulcima,823,"Bates, H E",9142680745,y,18-APR-2001,5,12,5.99,05-JUL-2009
Dune,823,"Herbert, Frank",209670706X,y,25-DEC-2002,1,1,21.5,29-OCT-2009
Dune Messiah,823,"Herbert, Frank",1809656984,y,30-DEC-2002,4,10,5.99,18-MAR-2011
"Dustbin of History, The",900,"Marcus, Greil",9846576094,y,22-DEC-1999,2,1,5.99,09-MAR-2008
Dying Inside,823,"Silverberg, Robert",3925400164,y,01-MAY-1986,1,1,2.99,05-MAR-1993
Dylan Thomas: A New Life,821.9,"Lycett, Andrew",7725265928,y,04-AUG-1998,2,1,5.99,21-OCT-2006
E-topia,300,"Mitchell, William J",978-4502463059,y,09-JAN-2007,2,1,17.99,28-JAN-2009
Early Victorian Britain,941.081,"Harrison, J F C",713278360X,n,29-APR-1999,0,4,5.99,16-MAY-2017
Earthlights,1.9,"Devereux, Paul",9963442315,y,01-MAR-1995,2,1,17.99,18-MAY-2003
East of the Mountains,823,"Guterson, David",2563592923,y,23-MAY-1996,3,4,17.99,09-AUG-2004
"Ebony Tower, The",808.3,"Fowles, John",5725255579,y,01-FEB-1979,2,0,0.99,01-SEP-1988
"Echo, The",823,"Walters, Minette",978-7351819248,y,20-JUL-2006,3,1,12.49,10-JAN-2012
Ecology for Beginners,577,"Croall, Stephen and Rankin, William",9927589409,y,05-NOV-1997,2,2,5.99,06-JUN-2007
"Ecology of Eden, The",300,"Eisenberg, Evan",4409012117,y,01-DEC-1993,2,4,21.5,02-JUL-2003
Economic History of World Population,330,"Cipolla, Carol M",5955691704,y,18-MAR-1996,2,1,5.99,04-JUN-2004
Economic Philosophy,330,"Robinson, Joan",9467599238,y,08-SEP-1996,2,2,7.99,09-APR-2006
"Edges of Science, The",500,"Morris, Richard",0662633623,y,21-DEC-1998,2,1,12.49,31-MAR-1999
Educating Eve,401,"Sampson, Geoffrey",050578307X,y,22-MAR-2002,1,4,21.5,12-SEP-2007
Eighteenth-Century English Society,900,"Hay, Douglas and Rogers, Nicholas",3944270380,y,14-MAY-1999,1,4,12.49,31-JUL-2007
"Einstein Intersection, The",823,"Delaney, Samuel R",2582234239,n,01-SEP-1981,0,10,5.49,16-MAY-2017
Einstein for Beginners,500,"Infeld, Leopold",1209688583,n,01-MAR-1981,0,2,4.5,16-MAY-2017
Einstein's Monsters,823,"Amis, Martin",4141318386,n,01-FEB-1989,0,2,4.99,16-MAY-2017
Einstein's Universe,530,"Calder, Nigel",0975889951,y,01-DEC-1982,1,2,4.99,05-OCT-1989
Elites and Society,305.5201,"Bottomore, T B",7652547787,y,18-JUL-2001,1,1,12.49,04-OCT-2009
Elizabeth the Queen,942,"Weir, Alison",6441508865,y,,2,1,,02-AUG-2015
"Elizabethan World Picture, The",941.06,"Tillyard, E M W",4487046355,y,20-APR-1999,2,2,5.99,22-FEB-2006
Emblems of the Mind,128.2,"Rothstein, Edward",700444537X,n,09-APR-2004,0,2,5.99,16-MAY-2017
Emergence,500,"Johnson, Steven",5791278773,y,08-OCT-1997,2,4,21.5,16-NOV-2001
"Emergence of Agriculture, The",500,"Smith, Bruce D",3504463888,y,,1,2,,20-MAR-2014
Emma,823,"Austen, Jane",3101579674,y,01-DEC-1986,4,0,4.99,17-FEB-1995
Emotional Contagion,153,"Hatfield, Elaine, et al",0386275817,y,05-DEC-2000,2,4,5.99,10-OCT-2007
Emotionally Weird,823,"Atkinson, Kate",978-6675400914,y,30-DEC-2015,3,4,7.99,15-MAY-2018
"Emperor's New Mind, The",500,"Penrose, Roger",9329362162,y,01-MAY-1991,2,2,5.99,18-JUL-1999
Empire,900,"Ferguson, Niall",5686816823,y,01-MAR-1994,2,4,7.99,18-MAY-2002
"End of All Songs, The",823,"Moorcock, Michael",025746708X,y,01-JUN-1979,1,12,2.99,09-SEP-1979
"End of History and the Last Man, The",900,"Fukuyama, Francis",5297093706,y,09-APR-2001,2,2,12.49,30-SEP-2006
"End of Science, The",600.9,"Horgan, John",5570159217,y,13-FEB-2004,1,2,7.99,13-SEP-2013
"End of Time, The: Faith and Fear in the Shadow of the Millennium",900,"Thompson, Damian",4412698846,y,07-DEC-1998,1,4,21.5,11-OCT-2005
"End of the Affair, The",823,"Greene, Graham",1104540243,y,01-NOV-1983,1,4,4.99,05-SEP-1990
"End of the Road, The",823,"Barth, John",1238427316,y,09-MAY-1985,1,4,4.99,08-DEC-1994
Enduring Love,823,"McEwan, Ian",978-9529871782,y,01-MAY-2006,4,10,5.99,30-NOV-2015
"Enemy Within, The",353.1,"Crowley, Terry",328146816X,y,31-MAR-2003,2,1,21.5,17-JUN-2011
Energy and the Earth Machine,500,550,6886604078,n,01-JUN-1989,0,2,2.99,16-MAY-2017
"Engineer in the Garden, The",575.1,"Tudge, Colin",8657211661,y,,1,1,,20-MAR-2014
England Made Me,823,"Greene, Graham",1425807244,y,02-FEB-1996,4,4,21.5,02-SEP-2005
England in the 19th Century,942,"Thomson, David",9837332209,n,,0,1,,16-MAY-2017
England in the Eighteenth Century,942.08,"Plumb, J H",4670053751,y,05-FEB-1999,1,1,17.99,10-DEC-2005
England is Mine,942.082,"Bracewell, Michael",415504740X,y,29-JUN-2000,1,1,17.99,15-SEP-2008
"English Assassin, The",823,"Moorcock, Michael",3629837625,y,01-JAN-1978,4,4,2.99,05-NOV-1984
"English Common Reader, The",900,"Altick, Richard D",4135772434,n,01-JUL-1986,0,1,5.49,16-MAY-2017
English Culture and the Decline of the Industrial Spirit 1850-1980,306,"Wiener, Martin J",9060157463,y,28-OCT-1998,2,4,5.99,14-JAN-2007
"English Experience, An: Exploring the Backroads",910.4,"Hansen, Margie D",3590191157,y,19-JUN-1996,2,4,21.5,24-APR-2003
English Passengers,823,"Kneale, Matthew",3977400034,y,30-DEC-1997,2,1,5.99,18-MAR-2006
English Romantic Writers and the West Country,809,"Roe, Nicholas (ed)",6990882539,n,,0,2,,16-MAY-2017
"English Rural Community, The",307.72,"Short, Brian (ed.)",7844375920,y,,1,2,,21-JAN-2008
English Society in the Eighteenth Century,942,"Porter, Roy",4176173422,y,,1,4,,02-AUG-2015
"English Town, The",942.08,"Girouard, Mark",0198915014,y,01-MAY-1995,2,1,17.99,21-OCT-2000
Enigma,823,"Harris, Robert",8793166060,y,09-DEC-1996,1,10,17.99,19-MAR-1997
"Enlightenment for Beginners, The",100,"Spencer, Lloyd  and Krauze, Andrzej",1952154167,y,09-NOV-1997,1,4,7.99,29-NOV-1999
"Enlightenment, The",900,"Porter, Roy",8839470930,y,15-DEC-2000,1,2,12.49,03-MAR-2009
"Enquiry into Meaning and Truth, An",121,"Russel, Bertrand",0677516088,y,,1,1,,08-SEP-2006
Entropy,500,"Rifkin, Jeremy",9041309910,y,01-MAR-1987,2,4,4.5,25-NOV-1989
"Entropy Exhibition, The",809.3,"Greenland, Colin",2658717298,y,01-DEC-1992,2,4,5.99,02-JUL-2002
"Entropy Tango, The",823,"Moorcock, Michael",6064139570,y,01-AUG-1988,5,4,5.49,18-OCT-1996
Epistemology,121,"Martin, Robert M",0120751001,y,07-DEC-1998,1,1,5.99,07-JUL-2008
Epistemology: New Essays,121,"Smith, Quentin",7236531627,y,,1,1,,21-JAN-2008
Esau,823,"Kerr, Philip",978-0614606650,y,27-AUG-2006,4,10,17.99,27-MAR-2016
"Essential Colin Wilson, The",824,"Wilson, Colin",0494624032,y,01-JAN-1995,1,1,7.99,05-NOV-2001
Essential Substances: A Cultural History of Intoxicants in Society,306,"Rudgley, Richard",7343335705,y,21-DEC-1998,1,2,5.99,12-JUN-2004
Ethics,170,"Mackie,  L",424630529X,y,24-AUG-1998,1,4,7.99,28-JUN-2005
Ethnography of Communication,410,"Saville-Troike, Muriel",9726286712,y,,2,1,,24-JUN-2011
"European Witch-craze of the 16th and 17th Centuries, The",133.49,"Trevor-Roper, H R",8064119573,y,19-JUN-1998,1,2,17.99,05-SEP-2006
Eve Spoke: Human Language and Human Evolution,575,"Liberman, Philip",2544350928,n,17-DEC-2001,0,2,17.99,16-MAY-2017
Even Cowgirls Get the Blues,823,"Robbins, Tom",8897337671,n,01-SEP-1992,0,12,5.99,16-MAY-2017
Evolution From Space,575,"Hoyle, Fred, and",0390614961,y,15-FEB-1996,2,4,5.99,22-OCT-1996
Evolution as Religion,575.12,"Midgley, Mary",5980767997,y,,2,2,,08-SEP-2006
Exile,823,"Mina, Denise",4859943364,y,,1,10,,02-AUG-2015
"Exorcist, The",823,"Blatty, William Peter",8882087473,n,01-MAY-1990,0,1,7.99,16-MAY-2017
Expert Political Judgement,320.019,"Tetlock, Phlip E",8168007968,y,,2,4,,02-AUG-2015
Explorations of the Marvellous,823,"Nicholls, Peter (ed)",9280962734,y,01-SEP-1988,1,1,4.99,18-NOV-1996
"Exploring the Language of Poems, Plays and Prose",418,"Short, Mick",9816568512,y,,1,0,,05-NOV-2012
Exploring the Modern,909.0982,"Jervis, John",2131199586,y,02-OCT-1997,2,4,7.99,10-JAN-1998
Extraordinary Minds,128.2,"Gardner, Howard",6574848856,y,29-AUG-2002,1,2,5.99,07-OCT-2006
Extraordinary Popular Delusions and the Madness of Crowds,306.94,"MacKay, Charles",0574440165,y,22-NOV-2000,2,2,5.99,08-FEB-2009
"Extremes, The",823,"Priest, Christopher",978-0283739180,y,19-JUN-2007,2,2,12.49,23-APR-2014
Exultant,823,"Baxter, Stephen",978-8443162911,n,11-SEP-2007,0,1,21.5,16-MAY-2017
Eye,823,"Herbert, Frank",460813062X,y,09-DEC-1996,5,1,12.49,01-JUN-2002
"Eye in the Pyramid, The",823,"Shea, Richard and Wilson, Robert Anton",7490742280,y,01-JUL-1993,4,1,21.5,30-JAN-2003
"Eye of the Lens, The",823,"Jones, Langdon",3666130371,y,01-JAN-1985,4,2,1.99,20-MAR-1993
Eyeless in Gaza,823,"Huxley, Aldous",7387120927,y,01-MAR-1993,2,10,17.99,18-MAY-2001
"Eyes of Heisenberg, The",823,"Herbert, Frank",6022386884,y,01-JAN-1976,1,2,1.99,07-SEP-1976
"Fabric of Reality, The",530,"Deutsch, David",8639509645,y,06-SEP-2003,1,2,5.99,18-JAN-2005
"Fabulous Riverboat, The",823,"Farmer, Philip Jose",5117193989,n,01-DEC-1986,0,1,5.49,16-MAY-2017
"Face of Battle, The",355.94,"Keegan, John",978-1064962349,y,12-JAN-2016,1,2,21.5,15-MAY-2018
"Face of Trespass, The",823,"Rendell, Ruth",1604345470,y,01-JUL-1999,1,2,17.99,17-SEP-2007
Facing the Future: The Case for Science,501,"Allaby, Michael",5800352681,y,18-OCT-1997,2,2,21.5,19-MAY-2007
"Facts, Fallacies and Frauds in Psychology",150.9,"Colman, Andrew M",0197878312,y,05-JAN-2001,1,1,12.49,25-JAN-2003
"Fading of the Greens, The",363.70525,"Bramwell, Anna",2163704844,y,07-NOV-2001,1,2,7.99,22-MAR-2003
Fads and Fallacies in the Name of Science,500,"Gardner, Martin",3492770816,y,20-JUN-2002,1,2,17.99,06-SEP-2010
Fahrenheit 451,823,"Bradbury, Ray",3942650214,n,01-OCT-1979,0,2,1.5,16-MAY-2017
"Failure of Psychoanalysis, The",153,"Wells, Harry K.",5299244386,y,31-OCT-2005,1,2,17.99,01-JUN-2015
Faking It: The Sentimentalisation of Modern Society,300,"Anderson, Digby, and Mullen, Peter (eds.)",0171579081,y,29-APR-2000,1,4,5.99,07-AUG-2000
"Fall, The",823,"Camus, Albert",8328117034,y,01-JUL-1977,4,1,0.99,09-AUG-1981
Falling Angel,823,"Hjortsberg, William",3908260136,n,01-MAY-1988,0,4,5.49,16-MAY-2017
Falling Apart,300,"Morgan, Elaine",8000844628,n,01-JUL-1982,0,1,4.5,16-MAY-2017
"Falling Woman, The",823,"Murphy, Pat",400497727X,y,01-AUG-1992,1,1,17.99,02-MAR-2002
Family and Kinship in East London,300,"Young, Michael, and Wilmot, Peter",724366884X,y,30-SEP-1997,2,2,5.99,17-DEC-2005
Fanaticism of the Apocalypse,306,"Bruckner, Pascal",1431371379,y,11-JAN-2002,1,1,17.99,31-JAN-2004
Far From the Madding Crowd,823,"Hardy, Thomas",0687177726,y,29-JUL-1996,1,1,7.99,15-OCT-2004
Far Out: The Dawning of the New Age in Britain,306,"Akhtar, Miriam, and Humphries, Steve",9896058408,y,06-JAN-2001,1,1,12.49,25-MAR-2009
Farmer in the Sky,823,"Heinlein, Robert",4061545387,y,01-JAN-1976,5,2,0.99,19-MAR-1984
Fascism: A Very Short Introduction,321.9,"Passmore, Kevin",312607842X,n,,0,2,,16-MAY-2017
"Fatal Inversion, A",823,"Vine, Barbara",978-6525971217,y,28-JUN-2007,5,1,5.99,26-JAN-2017
"Fate of Nations, The",909,"Colinvaux, Paul",7819551992,y,15-NOV-2002,1,1,12.49,15-JUN-2012
Fatherland,823,"Harris, Robert",2978415723,y,01-MAR-1993,1,10,21.5,04-JAN-2000
Fathers and Sons,823,"Turgenev, Ivan",978-1748213215,n,26-MAY-2014,0,10,12.49,16-MAY-2017
Fear Index,823,"Harris, Robert",8984193536,y,20-SEP-1996,2,4,5.99,07-DEC-2004
Fear and Loathing in Las Vegas,814,"Thompson, Hunter S",3158204091,n,01-NOV-1988,0,4,4.5,16-MAY-2017
Fear of Flying,823,"Jong, Erica",6963985584,n,01-APR-1986,0,1,4.5,16-MAY-2017
Feature Films as History,791.43,"Short, K R M (ed.)",1196259005,n,05-MAR-2000,0,1,7.99,16-MAY-2017
Feersum Endjin,823,"Banks, Iain M",2352382584,y,01-FEB-2001,4,12,17.99,07-DEC-2007
Fermat's Last Theorem,510.9,"Singh, Simon",779199138X,y,28-SEP-2000,1,4,17.99,15-DEC-2008
"Fifth Essence, The",500,"Krauss, Laurence",7571329008,n,01-FEB-1992,0,2,21.5,16-MAY-2017
Fifty Key Contemporary Thinkers,100.03,"Lechte, John",1781390617,y,04-APR-1998,2,2,5.99,03-NOV-2007
Figures in a Landscape,823,"England, Barry",1259616381,y,01-AUG-1979,1,4,3.5,18-OCT-1987
Film and Reality,791.43,"Armes, Roy",1994083883,y,22-FEB-2000,1,1,17.99,27-DEC-2006
Film as Film: Understanding and Judging Movies,791.43,"Perkins, V F",3754104778,n,11-APR-2000,0,1,17.99,16-MAY-2017
"Final Programme, The",823,"Moorcock, Michael",5059556521,y,01-OCT-1981,3,2,4.5,18-DEC-1989
"Final Programme, The",823,"Moorcock, Michael",0391374836,y,01-DEC-1992,1,1,5.99,24-MAY-1998
"Finger and the Moon, The",823,"Ashe, Geoffrey",4906180759,y,01-APR-1988,1,2,5.49,04-FEB-1995
Fins de Siecle,900,"Briggs, Asa and Snowman, Daniel",9221159718,y,27-NOV-2001,2,0,21.5,13-FEB-2010
Fire Down Below,823,"Golding, William",8313835230,n,19-JUN-1996,0,4,17.99,16-MAY-2017
"Fire Upon the Deep, A",823,"Vinge, Vernor",0795043870,y,01-OCT-1993,3,10,5.99,21-OCT-1995
Fireworks,808.3,"Carter, Angela",0571581447,y,01-JUL-1982,1,1,4.99,17-SEP-1990
"First Civilizations, The",930.1,"Daniel, Glyn",7884388365,y,02-MAY-2003,2,4,5.99,19-JUL-2011
First Light,823,"Ackroyd, Peter",3399496308,y,01-JUN-1986,1,12,5.49,05-APR-1993
Five Equations that Changed the World,500,"Guillen, Michael",5830338321,y,22-MAY-1996,2,2,5.99,30-JUN-2000
Five Lectures on Psychoanalysis,154.2,"Freud, Sigmund",3505896248,y,01-JAN-1995,1,1,12.49,01-AUG-2004
Flashforward,823,"Sawyer, Robert J",978-7726192506,y,03-JUL-2011,5,2,7.99,23-DEC-2016
Flaubert's Parrot,823,"Barnes, Julian",5543149829,y,01-OCT-1987,4,1,1.99,01-MAY-1997
Fleshmarket Close,823,"Rankin, Ian",978-5225523424,y,07-SEP-2006,2,2,5.99,28-FEB-2012
"Floating Opera, The",823,"Barth, John",753526905X,y,01-DEC-1986,1,1,1.99,05-OCT-1993
Floating Worlds,823,"Holland, Cecelia",5359838999,y,01-SEP-1988,1,12,4.5,22-FEB-1994
"Flounder, The",823,"Grass, Gunter",7432538684,n,01-NOV-1979,0,12,0.99,16-MAY-2017
"Flow My Tears, the Policeman Said",823,"Dick, Philip K",7982002817,y,01-JAN-1983,3,2,1.99,05-NOV-1989
Flying Hero Class,823,"Keneally, Thomas",5278208496,y,01-APR-1992,4,12,12.49,18-JUN-2000
"Flying Saucer Vision, The",1.9,"Michell, John",1286321488,y,31-MAY-1996,2,2,12.49,17-AUG-2004
"Flying Saucerers, The",1.9,"Shuttlewood, Arthur",9161792965,y,01-APR-1979,1,4,1.99,21-SEP-1984
Flying Saucers: Hoax or Reality,1.9,"Stanton, Jerome",7262390809,n,01-DEC-1981,0,4,5.49,16-MAY-2017
Flying Without Fear,153,n/k,3743321087,n,01-JUN-1986,0,2,2.99,16-MAY-2017
"Fog, The",823,"Herbert, James",4986714309,n,01-FEB-1977,0,1,0.99,16-MAY-2017
Folk Devils and Moral Panics,300,"Cohen, Stan",1940656203,y,01-MAR-1983,2,0,1.99,21-AUG-1988
For Esme - With Love and Squalor`,808.3,"Saligner, J D",3605551433,y,,1,1,,21-JAN-2008
For and Against Method,501,"Lakatos, Imre, and Paul Feyerabaend",2129648469,y,03-FEB-1998,1,2,12.49,23-FEB-2000
Forbidden Science,501,"Milton, Richard",1007167981,y,12-OCT-1997,1,0,17.99,04-APR-2003
"Forever War, The",823,"Haldeman, Joe",978-7997466688,y,22-DEC-2012,3,10,5.99,15-MAY-2018
Forever Young: A Cultural History of Longevity,306,"Boia, Lucian",978-1923196694,y,10-DEC-2006,1,2,5.99,10-JUL-2016
Fortean Studies 1,130,"Moore, Steve (Ed)",105712097X,n,,0,1,,16-MAY-2017
Foucault's Pendulum,823,"Eco, Umberto",2639309355,y,01-JAN-1991,3,12,7.99,05-NOV-1997
Foundation,823,"Asimov, Isaac",2804666046,n,01-MAY-1978,0,1,2.99,16-MAY-2017
Foundation and Empire,823,"Asimov, Isaac",7320118969,n,06-JAN-1978,0,4,2.99,16-MAY-2017
Foundation's Edge,823,"Asimov, Isaac",0093129636,n,01-NOV-1993,0,10,12.49,16-MAY-2017
Fountains of Paradise,823,"Clarke, Arthur C",9403926758,n,01-NOV-1993,0,1,5.99,16-MAY-2017
Fox Evil,823,"Walters, Minette",7330652781,y,25-SEP-2004,3,10,5.99,31-JUL-2011
"Fox, The",823,"Lawrence, D H",3833622408,y,01-JUL-1979,1,1,1.99,05-MAY-1986
Fragile Science: The Reality Behind the Headlines,500.1,"Baker, Chris",6538511378,y,15-JUL-2002,1,1,21.5,03-AUG-2004
Frankenstein,823,"Shelley, Mary",978-7722070444,y,21-FEB-2010,4,1,12.49,10-MAY-2018
Frankenstein Unbound,823,"Aldiss, Brian",5633428626,n,01-DEC-1990,0,10,12.49,16-MAY-2017
Franny and Zooey,823,"Salinger, J D",6746670016,y,01-MAR-1986,4,1,4.99,03-JAN-1993
Freakonomics,306,"Levitt, Stephen D, and Stephen J Dubner",7200227695,y,12-MAY-1998,2,1,5.99,02-NOV-2003
Free Speech  - A Very Short Introduction,323.4,"Warburton, Nigel",978-0086227371,y,31-DEC-2013,1,2,21.5,15-MAY-2018
"French Lieutenant's Woman, The",823,"Fowles, John",8950516763,y,01-DEC-1980,1,2,1.99,17-FEB-1989
"Friend From England, A",823,"Brookner, Anita",978-6907715428,y,01-JAN-2015,2,0,21.5,15-MAY-2018
Friends Come in Boxes,823,"Coney, Michael",5793616840,y,01-JAN-1976,1,4,0.99,19-MAR-1984
"Fringe of Leaves, A",823,"White, Patrick",243011359X,y,01-DEC-1980,1,10,2.99,17-FEB-1989
From Alien to the Matrix: Reading Science Fiction Film,791.43,"Kaveney, Roz",978-9556174893,y,14-JUN-2012,1,2,12.49,05-DEC-2017
From Freud's Consulting Room: The Unconscious in a Scientific Age,153,Hughes. Judith M,296412984X,y,28-DEC-2001,1,4,7.99,16-MAR-2010
Frontiers of Complexity,530,"Coveney, Peter, and Highfield, Roger",4502867877,y,14-FEB-2003,2,1,5.99,03-MAY-2011
Fugitive Minds,153,"Melechi, Antonio",6964871365,y,,2,2,,24-JUN-2011
Fugue for a Darkening Island,823,"Priest, Christopher",1824958740,y,01-JUL-1981,1,4,2.99,22-DEC-1986
"Furies, The",823,"Roberts, Keith",3649199085,y,23-SEP-1985,3,1,2.99,28-JUL-1992
Future Babble,500,"Gardner, Dan",978-3055200196,y,28-JAN-2014,1,2,5.99,15-MAY-2018
Future Natural,501,"Robertson, George, et al.",2872758015,y,,1,4,,20-MAR-2014
Future Shock,300,"Toffler, Alvin",5166485657,y,01-MAY-1978,1,2,1.99,09-JUN-1982
Future Worlds,335,"Gribbin, John",1109255087,y,30-NOV-2003,2,1,7.99,16-FEB-2012
"Futurological Congress, The",823,"Lem, Stanislaw",2438606407,y,19-SEP-2001,1,1,17.99,09-OCT-2003
Fuzzy Thinking,100,"Kosko, Bart",926692449X,y,13-OCT-1996,1,1,21.5,30-DEC-2004
Gaia,500,"Lovelock, J E",0321476455,n,01-DEC-1994,0,4,12.49,16-MAY-2017
Gallowglass,823,"Vine, Barabra",7327875610,y,02-MAY-2003,1,4,5.99,30-NOV-2012
"Game Players of Titan, The",823,"Dick, Philip K",4208306789,y,02-MAR-1986,1,12,4.99,10-JUN-1986
"Gap into Conflict - the Real Story, The",823,"Donaldson, Stephen",5836061777,n,01-AUG-1992,0,10,5.99,16-MAY-2017
Garnethill,823,"Mina, Denise",2558161217,n,,0,1,,16-MAY-2017
"Geek Manifesto, The",303.4830941,"Henderson, Mark",1461190712,y,05-DEC-1996,2,2,7.99,10-OCT-2003
General Linguistics,410,Unkown,156628753X,y,15-MAY-1985,2,2,1.99,23-JUN-1989
Generation X,823,"Coupland, Douglas",9753332604,y,18-NOV-2004,5,4,17.99,19-JUN-2014
"Genes, Peoples, and Languages",575.1,"Cavalli-Sforza, Luigi Luca",978-2459808096,y,03-JUN-2015,1,2,5.99,15-MAY-2018
"Genius and the Goddess, The",823,"Huxley, Aldous",978-4752404352,y,27-DEC-2014,1,12,5.99,15-MAY-2018
Genome,500,"Ridley, Matt",9193557314,y,,2,1,,20-MAR-2014
Germinal,823,"Zola, Emile",2392887735,y,01-APR-1982,2,1,1.99,31-OCT-1991
Gertrude,823,"Hesse, Herman",8336044810,n,01-AUG-1977,0,0,2.99,16-MAY-2017
Geta,823,"Kingsbury, Donald",935208510X,n,01-MAY-1987,0,0,4.99,16-MAY-2017
"Ghost in the Machine, The",128.2,"Koestler, Arthur",0674369224,y,01-NOV-1993,2,2,5.99,05-SEP-2000
"Ghost, The",823,"Harris, Robert",978-390390419X,y,28-FEB-2014,3,1,5.99,19-MAR-2016
Gifts of the Gods,1.9,"Spencer, John",4378406906,y,01-APR-1995,2,1,21.5,03-FEB-2002
"Ginger Man, The",823,"Donleavy, J P",0720750662,y,01-SEP-1982,1,4,1.99,18-NOV-1990
"Girl Next Door, The",823,"Rendell, Ruth",978-4292593498,y,15-SEP-2014,3,1,7.99,15-MAY-2018
"Gladiators, The",823,"Koestler, Arthur",8933704909,y,31-DEC-1997,2,1,17.99,19-MAR-2006
"Glass Cage, The",823,"Wilson, Colin",074552882X,y,01-APR-1986,4,1,4.99,18-JUN-1994
"Glastonbury Romance, A",823,"Powys, John Cowper",8976354114,y,01-JUL-1979,3,4,3.5,29-JAN-1989
Glued to the Box,791.45,"James, Clive",8681965269,n,29-MAY-1986,0,1,2.99,16-MAY-2017
"Go Between, The",823,"Hartley, L P",8752594999,y,30-OCT-1996,3,4,5.99,04-SEP-2003
God - an Autobiography,823,"Pascall, Jeremy",1547953264,n,01-DEC-1988,0,12,1.99,16-MAY-2017
God Emperor of Dune,823,"Herbert, Frank",9302663896,y,01-MAY-1982,3,4,2.99,18-JUL-1990
"God of the Labyrinth, The",823,"Wilson, Colin",3706499573,y,01-MAR-1983,4,10,4.99,09-APR-1987
God's Funeral,900,"Wilson, A N",1418839484,y,,2,2,,02-AUG-2015
"Godel, Escher, Bach: An Eternal Golden Braid",500,"Hofstadter, Douglas",4932068463,y,01-MAR-1991,1,2,21.5,29-SEP-2000
"Gods Have Landed, The",300,"Lewis, James R (ed.)",3706376764,y,29-OCT-2004,1,0,12.49,03-SEP-2011
"Gods Themselves, The",823,"Asimov, Isaac",4846013535,n,01-JAN-1974,0,4,2.99,16-MAY-2017
Going Inside,500,"McCrone, John",978-2072175663,y,10-AUG-2015,1,2,12.49,15-MAY-2018
Going Wrong,823,"Rendell, Ruth",3888170879,y,02-JUL-2000,1,2,17.99,31-JAN-2010
"Golden Apple, The",823,"Shea, Richard and Wilson, Robert Anton",0594506557,y,01-JUL-1993,1,10,17.99,05-MAY-2000
"Goldfinch, The",823,"Tarrt, Donna",539525518X,y,,1,1,,05-NOV-2012
"Good Morning, Midnight",823,"Rhys, Jean",2839909519,y,,4,12,,24-JUN-2011
"Good Soldier, The",823,"Ford, Ford Maddox",0019292324,y,01-JUL-1994,2,1,12.49,17-SEP-2002
Good as Gold,823,"Heller, Joseph",0336721884,n,01-SEP-1986,0,10,1.99,16-MAY-2017
Gormenghast,823,"Peake, Mervyn",301840624X,y,04-FEB-1985,4,10,1.99,28-JUL-1990
"Grain Kings, The",823,"Roberts, Keith",677757737X,y,01-JUL-1990,4,1,12.49,17-SEP-1998
Grammatical Man,150,"Campbell, Jeremy",2024153924,y,01-NOV-1986,1,1,4.5,20-NOV-1988
Gramsci,190.9,"Joll, James",2139585764,y,16-AUG-1998,1,4,21.5,20-JUN-2005
Grapes of Wrath,823,"Steinbeck, John",2257039404,y,,4,4,,02-AUG-2015
Grasshopper,823,"Vine, Barbara",2249994787,y,08-MAY-2004,5,2,17.99,25-JUL-2012
"Great Beast, The",130.9,"Symonds, John",6548380380,y,01-JAN-1980,1,1,0.99,19-MAR-1988
"Great British Picture Show, The",791.43,"Perry, George",3719607090,y,11-FEB-2000,2,4,7.99,11-SEP-2009
Great Expectations,823,"Dickens, Charles",978-0327696442,y,01-MAY-2010,4,4,5.99,15-MAY-2018
"Great Gatsby, The",823,"Fitzgerald, F. Scott",978-2365670573,y,06-JAN-2013,5,1,5.99,16-APR-2013
Great Mambo Chicken and the Transhuman Condition,500,"Regis, Ed",8241320615,y,30-SEP-2002,1,4,7.99,22-MAR-2008
"Great Wave, The",330,"Hackett Fischer, David",5985132254,y,28-MAY-1996,1,2,5.99,18-NOV-2001
"Greatest Benefit to Mankind, The",610.9,"Porter, Roy",4489526211,y,,1,0,,02-AUG-2015
Green Eyes,823,"Shepherd, Lucius",7528536184,y,01-MAR-1990,4,1,12.49,18-MAY-1998
Green Mars,823,"Robinson, Kim Stanley",2982536034,y,12-JUL-1997,1,1,5.99,16-MAY-2004
Grendel,823,"Gardner, John",3855489522,n,01-JUL-1979,0,2,1.99,16-MAY-2017
Greybeard,823,"Aldiss, Brian",1881999160,n,01-MAR-1983,0,10,1.99,16-MAY-2017
Gridlock,823,"Elton, Ben",4667825268,n,01-APR-1992,0,2,12.49,16-MAY-2017
"Grooming, Gossip, and the Evolution of Language",500,"Dunbar, Robin",0710013043,y,21-OCT-1999,2,2,17.99,25-AUG-2006
"Grounds of English Literature, The",809,"Cannon, Christopher",8529548402,y,20-MAY-2002,1,0,17.99,24-MAR-2009
"Growing Pains of Adrian Mole, The",823,"Townsend, Sue",0017112503,n,12-MAY-1985,0,10,5.49,16-MAY-2017
"Growth of Civilization, The",900,"Perry, W J",4318622460,y,,2,2,,20-MAR-2014
Guardians of the Universe?,1.9,"Story, Ronald",3177255882,y,31-JAN-1999,1,4,5.99,19-APR-2007
"Guide for the Perplexed, A",100,"Schumacher, E F",917937849X,n,23-NOV-2003,0,1,5.99,16-MAY-2017
"Guilty Thing Surprised, A",823,"Rendell, Ruth",1604567529,n,11-NOV-2002,0,12,5.99,16-MAY-2017
"Gum Thief, The",823,"Coupland, Douglas",978-0962273530,y,29-SEP-2014,3,1,12.49,15-MAY-2018
Guns of Avalon,823,"Zelazney, Roger",6443338583,n,01-APR-1977,0,2,0.99,16-MAY-2017
"Guns, Germs and Steel",500,"Diamond, Jared",5283231398,n,07-MAR-2004,0,1,5.99,16-MAY-2017
Handbook of Science Communication,501.4,"Wilson, Anthony (ed.)",1304638386,y,,1,1,,20-MAR-2014
"Handful of Dust, A",823,"Waugh, Evelyn",7897283317,y,,1,10,,20-MAR-2014
"Handmaid's Tale, The",823,"Atwood, Margaret",6670012882,y,16-MAY-2003,4,12,17.99,14-DEC-2012
Hard Times,823,"Dickens, Charles",6429400214,y,21-JUL-1999,5,12,12.49,10-JAN-2005
Harm's Way,823,"Greenland, Colin",827167108X,n,01-MAY-1995,0,2,21.5,16-MAY-2017
Harnessing the Parabrain,158,"Buzan, Tony",1736058603,y,22-MAR-2002,1,2,12.49,08-JUN-2010
Harry's Game,823,"Seymour, Gerald",3741038862,n,01-APR-1988,0,10,1.99,16-MAY-2017
"Harvard Psychedelic Club, The",306,"Lattin, Don",5799157836,y,11-FEB-1998,2,1,7.99,30-APR-2006
"Haunted Woman, The",823,"Lindsay, David",978-4077129049,y,01-JUL-2011,4,1,5.99,15-MAY-2018
Hawksmoor,823,"Ackroyd, Peter",7470361966,n,29-JUL-1996,0,1,5.99,16-MAY-2017
Headhunters,823,"Nesbo, Jo",978-6190796143,y,03-JUN-2015,5,10,17.99,11-SEP-2015
Hear Us O Lord In Heaven Thy Dwelling Place,808.3,"Lowry, Malcolm",063387883X,y,01-NOV-1984,1,4,4.5,21-NOV-1986
Heart of Darkness,823,"Conrad, Joseph",5435066375,y,01-JUL-1979,2,0,0.99,17-SEP-1987
Heart of the Matter,823,"Green, Graham",7057445933,y,12-DEC-1995,1,1,17.99,28-FEB-2004
Heartstones,823,"Rendell, Ruth",1433252386,n,01-AUG-1988,0,12,4.99,16-MAY-2017
"Heat of the Day, The",823,"Bowen, Elizabeth",818805591X,y,22-OCT-2001,3,2,12.49,08-JAN-2010
"Heaven Makers, The",823,"Herbert, Frank",3106272101,y,01-MAY-1977,3,2,0.99,22-OCT-1982
"Heaven, Hell and the Victorians",941.081,"Wheeler, Michael",8067830516,y,20-AUG-1999,1,1,5.99,06-NOV-2007
"Hello Summer, Goodbye",823,"Coney, Michael",4618984477,y,01-OCT-1982,1,4,1.99,01-MAY-1992
Hellstrom's Hive,823,"Herbert, Frank",5769333921,y,01-MAY-1978,1,0,1.5,05-MAR-1985
Henderson the Rain King,823,"Bellow, Saul",7630660342,n,01-NOV-1989,0,4,4.99,16-MAY-2017
Here Be Dragons,500,"Koerner, David, and Simon LeVay",647254675X,y,30-JUN-2005,1,4,17.99,16-SEP-2013
Heretics of Dune,823,"Herbert, Frank",978-805721030X,y,12-SEP-2010,1,4,17.99,15-MAY-2018
"Hero With a Thousand Faces, The",290,"Campbell, Joseph",4115604015,y,10-JUN-1996,1,0,5.99,01-DEC-2001
Herzog,823,"Bellow, Saul",4763874498,n,01-JUL-1987,0,1,2.99,16-MAY-2017
Hidden Histories of Science,600.9,,5722936474,y,09-APR-1999,2,1,12.49,07-NOV-2008
"Hidden Huxley, The",809.3,"Bradshaw, David (Ed)",978-9798657526,y,03-SEP-2006,2,2,21.5,30-MAY-2009
"Hidden Persuaders, The",300,"Packard, Vance",4500664721,n,01-MAR-1988,0,2,1.99,16-MAY-2017
High Fidelity,823,"Hornby, Nick",5806982101,y,06-APR-1997,3,1,7.99,27-SEP-2002
High-Rise,823,"Ballard, J G",187437468X,y,01-SEP-1979,5,1,0.99,10-OCT-1983
Higher Superstition,500,"Gross, Paul R, and Norman Levitt",7942916177,y,13-FEB-2002,1,4,5.99,18-DEC-2008
Highways and Byway in Wiltshire,910.4,"Hutton, Edwad",6491380085,y,18-MAY-1997,2,2,21.5,17-DEC-2006
Hip: The History,306,"Leland, John",6688193933,y,30-APR-1998,2,2,17.99,17-JUL-2006
Hiroshima,940.53,"Hershey, John",6117845106,n,01-DEC-1983,0,1,4.99,16-MAY-2017
"Historical Introduction to the Philsophy of Science, An",501,"Losee, John",6143567858,y,27-JUN-1998,1,4,5.99,18-DEC-2003
Histories of the Future,306,"Sandison, Alan and Robert Dingley (eds)",978-0406700801,y,20-JUL-2007,1,2,21.5,06-OCT-2015
"History of Civilizations, A",942,"Braudel, Ferdinand",0954207373,y,18-NOV-2001,1,1,5.99,04-FEB-2010
History of Political Thought,320.9,"Morrow, John",2581628939,y,,1,2,,20-MAR-2014
"History of Warfare, A",355.9,"Keegan, John",978-1788197296,y,15-OCT-2015,1,1,21.5,03-NOV-2017
History of Western Astrology,600.9,"Tester, Jim",1659093863,y,,1,4,,20-MAR-2014
"History of the Countryside, The",900,"Rackham, Oliver",6016065453,y,14-SEP-1998,1,4,7.99,19-JUL-2005
"History of the English Language, A",420.9,"Baugh, Albert C, and Cable, Thomas",5583712736,y,15-MAY-2001,1,0,17.99,14-DEC-2010
"History of the Mind, A",100,"Humphrey, Nicholas",0835472360,y,25-APR-1997,1,2,5.99,28-FEB-2004
"History of the Runestaff, The",823,"Moorcock, Michael",6970785683,n,01-JUN-1982,0,0,1.99,16-MAY-2017
"History: Remembered, Recovered, Invented",901,"Lewis, Bernard",0159683405,y,25-JAN-1999,1,1,5.99,29-NOV-2005
"Hitch-hiker's Guide to the Galaxy, The",823,"Adams, Douglas",5413470750,n,01-JAN-1981,0,10,4.5,16-MAY-2017
"Hollow Lands, The",823,"Moorcock, Michael",9259799961,y,01-JUN-1979,3,12,0.99,18-AUG-1987
Hollowpoint,823,"Reuland, Rob",0044176113,n,10-AUG-2003,0,1,21.5,16-MAY-2017
Hollywood Beyond the Screen,942.08,"Massey, Anne",3529095358,y,24-DEC-1998,1,4,5.99,03-APR-1999
Hollywood Genres and Post-War,791.43,"Chopra-Gant, Mike",1203810177,y,31-JUL-2002,1,2,12.49,04-JUN-2009
Holy Blood and Holy Grail,1.94,"Baigent, Michael, Leigh, Richard and Lincoln, Henr",0920556202,n,16-AUG-1997,0,1,12.49,16-MAY-2017
Homo Ludens,306,"Huizinga, Johan",4884291917,y,19-JUL-1999,2,1,17.99,05-OCT-2007
"Honourable Schoolboy, The",823,"Le Carre, John",8511820640,y,18-MAR-1998,3,0,5.99,17-OCT-2007
Hope and Glory: Britain 1900-1990,941,"Clarke, Peter",3272734966,y,04-OCT-2002,2,4,12.49,21-DEC-2010
"House Built on Sand, A",501,"Koertge, Noretta (ed.)",9610315598,y,16-JUN-2003,1,1,21.5,14-JAN-2013
How Brains Think,150,"Calvin, William H",0682355445,y,03-MAY-2002,2,2,7.99,20-JUL-2010
How We Write: Writing as Creative Design,807,"Sharples, Mike",0435970617,y,22-JUL-2001,2,2,5.99,26-MAY-2008
How the Mind Works,500,"Pinker, Steven",978-0140244915,y,21-NOV-2001,1,2,5.99,07-FEB-2010
How to Build a Mind,4.1,"Aleksander, Igor",9803435057,y,10-JUN-1986,2,2,4.5,09-JAN-1996
How to Lie With Statistics,500,"Huff, Darrell",0470143808,n,12-JUN-1996,0,2,7.99,16-MAY-2017
How to Read Music,780.7,"Evans, Roger",8910016305,y,01-JAN-1994,2,0,17.99,24-JUN-1999
How to Read Shakespeare,809.2,"Royle, Nicholas",2513598643,y,,1,4,,05-NOV-2012
How to Save Your Own Life,823,"Jong, Erica",0287470352,n,01-MAY-1986,0,4,1.99,16-MAY-2017
"Human Brain, The",571,"Greenfield, Susan",537278721X,y,03-APR-2000,2,2,12.49,20-JUN-2008
Human Rights: A Very Short Introduction,323,"Clapham, Andrew",0514044268,y,30-AUG-2002,2,2,12.49,16-NOV-2010
"Human Situation, The",824,"Huxley, Aldous",5284172234,y,30-MAY-1997,1,4,7.99,16-AUG-2005
"Humanoids, The",1.9,"Bowen, Charles(ed)",4219770168,n,01-JAN-1977,0,2,1.99,16-MAY-2017
Hume in 90 Minutes,190.9,"Strathern, Paul",4449510246,n,21-DEC-1998,0,2,5.99,16-MAY-2017
"Hummingbird Saint, The",823,"MacDonald, Hector",978-6786553439,y,31-MAY-2006,4,4,17.99,24-FEB-2009
"Hydrogen Sonata, The",823,"Banks, Iain M",4392954537,y,01-FEB-2001,1,1,5.99,25-JUL-2006
Hypnosis for the Seriously Curious,150,"Bowers, Kenneth S,",1823303500,y,22-OCT-2001,1,2,21.5,26-AUG-2008
Hypnosis: Fact and Fiction,153,"Marcuse, F L",9463781663,y,18-OCT-1996,2,1,21.5,04-JAN-2005
Hypnotism: A History,150,"Forrest, Derek",5464883924,y,26-NOV-2005,2,1,5.99,30-SEP-2012
Hystories: Hysterical Epidemics and Modern Culture,306,"Showalter, Elaine",4989482600,y,04-JAN-2000,2,2,5.99,26-JUN-2005
"I Ching, The",133.3,"Douglas, A",7792128831,n,19-OCT-2003,0,4,17.99,16-MAY-2017
I Know Where I'm Going! (BFI Cinema Classic),791.43,"Cook, Pam",978-7717165350,y,20-SEP-2008,1,4,17.99,10-OCT-2010
I am Lazarus,808.3,"Kavan, Anna",978-944083748X,y,08-NOV-2015,1,2,5.99,15-MAY-2018
"I, Claudius",823,"Graves, Robert",0491660009,n,01-OCT-1989,0,4,4.99,16-MAY-2017
"I, Robot",823,"Asimov, Isaac",8839283511,n,01-JAN-1976,0,10,2.99,16-MAY-2017
I: The Philosophy and Psychology of Personal Identity,153,"Glover, Jonathan",8772538932,y,10-JUN-1995,1,2,17.99,14-APR-2002
Ice,823,"Kavan, Anna",3636368058,y,01-DEC-1988,4,2,1.99,17-FEB-1997
"Ice Harvest, The",823,"Phillips, Scott",6346204456,n,29-APR-2004,0,10,5.99,16-MAY-2017
"Icon Critical Dictionary of Postmodern Thought, The",190,"Sim, Stuart (ed.)",6649511474,y,23-DEC-2005,1,0,17.99,24-JUL-2015
"Icon Critical Dictionary of the New Cosmology, The",520.03,"Coles, Peter (ed.)",9800057062,y,11-NOV-2002,2,0,7.99,03-MAY-2008
"Idea of Nature, The",501,"Collingwood, R G",9374043699,y,13-DEC-2002,2,2,5.99,04-JUN-2008
Ideas that Matter,1.1,"Grayling, A C",0462865280,,20-NOV-1995,2,4,12.49,06-FEB-2004
Ideology and Insanity,154.2,"Szasz, Thomas",6288223009,y,,2,2,,24-JUN-2011
Ideology: A Very Short Introduction,300,"Freeden, Michael",0834126752,y,01-NOV-1994,2,1,5.99,18-JAN-2003
Idoru,823,"Gibson, William",3968537028,y,01-JUL-2004,3,12,5.99,22-DEC-2009
"Illusions of Postmodernism, The",801.1,"Eagleton, Terry",1228421294,y,12-JUL-1998,2,4,17.99,16-MAY-2005
"Image of Antiquity, The",750.9,"Smiles, Sam",500573355X,y,,1,2,,24-JUN-2011
Imagining Numbers,510.9,"Mazur, Barry",7936777928,y,05-FEB-1999,1,2,7.99,28-JUL-2004
Imagining Space: Achivements-Predictions-Possibilities:1950-2050,520.9,"Launius, Riger D, and Howard E McCurdy",978-6965965222,y,14-DEC-2008,2,2,7.99,02-MAR-2017
"Immoralist, The",823,"Gide, Andre",9192147031,n,01-DEC-1978,0,2,0.99,16-MAY-2017
Imperial Fictions: Europe's Myths of Orient,306,"Kabbani, Rana",4959914575,y,03-MAY-2002,1,1,12.49,15-SEP-2003
In Defence of History,900.1,"Evans, Richard J",8270515119,y,01-JAN-1994,2,2,5.99,24-JUN-1999
In His Image,500,"Rorvik, David M",0203280202,n,01-APR-1993,0,2,5.99,16-MAY-2017
In Search of the Double Helix,500,"Gribbin, John",8895643562,y,01-MAY-1992,1,2,21.5,21-MAY-1994
In Search of the Edge of Time,520,"Gribbin, John",084229094X,y,01-APR-1996,2,2,12.49,22-SEP-2001
In Search of the Indo-Europeans,420.9,"Mallory, J P",0833442300,y,24-AUG-1998,1,4,5.99,24-MAR-2008
In Watermelon Sugar,823,"Brautigan, Richard",2535684175,n,01-AUG-1979,0,12,2.99,16-MAY-2017
In a Summer Season,823,"Taylor, Elizabeth",3980639146,y,,2,10,,20-MAR-2014
In the Beginning,520,"Gribbin, John",518668941X,y,20-APR-1996,1,2,5.99,07-JUL-2004
In the Beginning Was the Worm,576,"Brown, Andrew",5613723786,y,31-DEC-2001,2,2,5.99,19-MAR-2010
In the Image of the Brain,500,"Jubak, Jim",934276243X,y,18-OCT-1997,1,2,21.5,19-MAY-2007
"Industrial Age, The: Economy and Society in Britain 1750-1986",941,"More, Charles",7521752244,y,30-DEC-2004,2,2,17.99,19-JAN-2007
"Industrial Revolution, The",909.81,"Ashton, T S",4652957104,y,15-FEB-1999,2,4,5.99,04-MAY-2007
"Industrialisation of Europe, The",909.81,"Henderson, W O",587575859X,n,01-JAN-1981,0,4,1.99,16-MAY-2017
"Industrializaton of Intelligence, The",0,"Kennedy, Noah",5481219066,y,16-JAN-1997,1,2,7.99,21-NOV-2003
Industry  and Empire,909.81,"Hobsbawm, E J",2898019758,y,14-APR-1997,2,4,17.99,05-OCT-2002
"Infinite Hive, The",130,"Heywood, Rosalind",8158196713,n,01-JAN-1977,0,4,0.99,16-MAY-2017
Ingenious Pursuits,900,"Jardine, Lisa",2543211627,y,31-JUL-2005,1,0,17.99,04-JUN-2012
"Inheritors, The",823,"Golding, William",8899541497,y,01-SEP-1978,4,1,1.99,09-MAY-1979
"Inner Wheel, The",823,"Roberts, Keith",8258871044,y,06-NOV-2005,2,12,7.99,23-JAN-2014
"Innocent, The",823,"McEwan, Ian",9610413443,n,15-FEB-1999,0,1,12.49,16-MAY-2017
Instructions for a Heatwave,823,"O'Farrell, Maggie",1767955772,y,,4,4,,21-JAN-2008
Intellectual Impostures,194,"Sokal, Alan and Bricmont, Jean",9487428902,y,27-JAN-2000,2,2,7.99,14-APR-2008
Intellectuals,305.5,"Johnson, Paul",6529899219,y,07-AUG-2001,2,2,21.5,24-OCT-2009
"Intellectuals and the Masses, The",820.9,"Carey, John",1201084634,y,07-MAR-1998,2,4,5.99,09-JAN-2005
Intimacy,823,"Sartre, John Paul",3235168594,y,01-MAR-1980,3,1,4.5,18-MAY-1988
"Intimate Screen, The",306,"Jacobs, Jason",3522844055,y,26-JUL-2005,2,2,7.99,12-OCT-2013
Introducing Baudrillard,190.9,"Horrocks, Chris and Zoran Jevtic",978-3387352081,y,04-NOV-2006,2,1,7.99,21-JAN-2015
Introducing Economics,330,MacCormick. B J (ed),7331507777,y,24-AUG-1998,2,1,17.99,02-DEC-1998
Introducing Ethics,100,"Robinson, Dave, and Chris Garratt",267052025X,y,26-DEC-2003,2,0,5.99,13-MAR-2012
Introducing Heidegger,190.9,"Collins, Jeff, and Howard Selina",5822035259,y,17-DEC-2000,2,2,7.99,22-OCT-2007
Introducing Neuro-Linguistic Programming,158,Connor and Seymour,7730703995,n,01-APR-1992,0,4,17.99,16-MAY-2017
Introducing Science,500,"Isaacs, Alan",3064739887,y,01-JUN-1990,2,1,17.99,10-JUL-1994
Introducing Sociology,301,"Peter Worsley, (Ed)",7182170338,y,,2,0,,21-JAN-2008
Introduction to Alternative Technology,600,"Congdon, R J (Ed)",808507119X,y,25-DEC-2002,1,4,17.99,25-JUL-2012
"Introduction to Jung's Psychology, An",154.2,"Fordham, Frieda",1836067500,n,01-DEC-1978,0,4,1.99,16-MAY-2017
Introduction to Mythology,290,"Spence, Lewis",0439781919,n,15-NOV-1995,0,1,5.99,16-MAY-2017
Introduction to Psychology,153,"Hilgard, Ernest C, Atkinson, Richard C, and Atkins",4350002093,y,16-JAN-1997,2,1,17.99,21-NOV-2003
Introductory Guide to Cultural Theory and Popular Culture,820.9,"Storey, John",8049479829,y,20-FEB-1997,1,4,17.99,09-MAY-2005
Inventing Tomorrow: How to Live in a Changing World,335,"Allaby, Michael",084833176X,n,04-OCT-2002,0,0,5.99,16-MAY-2017
Inventing the Victorians,941.081,"Sweet, Matthew",4914400501,y,,1,0,,20-MAR-2014
"Invention of Tradition, The",900,"Hobsbawm, Eric and Ranger, Terence",4629081262,y,16-FEB-1997,2,4,12.49,27-MAR-2001
Inversions,823,"Banks, Ian M",833789001X,y,15-MAR-2005,1,1,12.49,14-OCT-2014
Invisible Residents,1.9,"Sanderson, Ivan T",4806527903,n,01-NOV-1976,0,2,2.99,16-MAY-2017
Invitation to Archeology,930.1,"Rahtz, Philip",532601018X,y,20-JAN-1997,1,1,21.5,28-FEB-2001
Invitation to Sociology,300,"Berger, Peter L",8806992475,y,01-SEP-1977,2,1,1.5,22-FEB-1983
Iponemea,823,"Rackham, John",4129793297,n,01-OCT-1989,0,1,4.99,16-MAY-2017
Irrationality,153,"Sutherland, Stuart",8475874443,y,01-APR-1993,2,4,21.5,31-OCT-2002
Island,823,"Huxley, Aldous",0865588603,y,01-JAN-1976,2,1,3.5,19-MAR-1984
Jabberwocky,823,"Hoover, Ralph",7444923631,n,01-AUG-1978,0,12,2.99,16-MAY-2017
Jack of Shadows,823,"Zelazney, Roger",3407937942,y,01-JUL-1983,1,10,1.99,21-DEC-1988
Jacob's Room,823,"Woolf, Virginia",978-4098286435,y,30-DEC-2013,5,12,21.5,15-MAY-2018
Jealousy,153,"Huack, Dr Paul",7916957861,n,10-JUN-1986,0,2,1.99,16-MAY-2017
"Jesus Christ, Heir to the Astronauts",1.9,"Stennhauser, Ernhardt R",7530286753,n,05-JUN-1979,0,2,1.99,16-MAY-2017
"Jesus Incident, The",823,"Herbert, Frank",4431673039,y,01-JUL-1980,1,1,2.99,17-SEP-1988
"Jewels of Aptor, The",823,"Delaney, Samuel R",3447307792,y,01-JAN-1977,3,4,0.99,20-MAR-1985
Job,823,"Heinlein, Robert",113900057X,n,01-JAN-1989,0,4,1.99,16-MAY-2017
Jonathon Livingstone Seagull,823,"Bach, Richard",2944249610,n,01-SEP-1979,0,1,0.99,16-MAY-2017
Journey to the East,823,"Hesse, Herman",2267194475,n,04-JUN-1977,0,4,2.99,16-MAY-2017
Jpod,823,"Coupland, Douglas",978-9470730568,y,30-JAN-2012,4,2,7.99,26-OCT-2014
Jude the Obscure,823,"Hardy, Thomas",4541957134,n,21-JUL-1996,0,1,5.99,16-MAY-2017
Jung - A Very Short Introduction,150.9,"Stevens, Anthony",3216004960,n,23-JUL-2005,0,0,17.99,16-MAY-2017
"Jung Cult, The",150.9,"Noll, Richard",9221545872,y,25-JAN-1998,2,1,21.5,18-JUL-2003
Jurassic Park,823,"Crichton, Michael",1498164060,y,01-AUG-1992,3,12,12.49,22-JAN-1998
Just Six Numbers,500,"Rees, Martin",0753810220,y,18-OCT-2009,2,4,5.99,22-AUG-2016
Kandy-Kolored Tangerine-Flake Streamline Baby,305.9,"Wolfe, Tom",6670462315,y,,1,1,,20-MAR-2014
Kant in 90 Minutes,190.9,"Strahern, Paul",9122142247,n,08-OCT-1997,0,2,5.99,16-MAY-2017
"Keegan, John",355.9,"Face of Battle, The",9709365996,y,01-MAR-1994,2,2,5.99,18-MAY-2002
Keep the Aspidistra Flying,823,"Orwell, George",978-0560084675,y,08-MAY-2007,3,2,12.49,27-MAY-2009
"Keynes: The Rise, Fall and Return",330.192,"Clarke, Peter",8452287246,y,30-SEP-2002,1,4,17.99,17-DEC-2010
"Keys to the Street, The",823,"Rendell, Ruth",8304603434,y,13-MAR-2001,2,1,17.99,30-MAY-2009
"Keys to the Street, The",823,"Rendell, Ruth",978-4508106753,n,03-JUL-2006,0,4,5.99,16-MAY-2017
Keywords,300,"Williams, Raymond",2718785718,y,,1,1,,02-AUG-2015
"Killing Doll, The",823,"Rendell, Ruth",978-6440357955,y,07-JUL-2006,3,10,5.99,05-FEB-2016
Killing Freud,306,"DuFresne, Todd",978-6611536796,y,08-JUL-2007,1,2,17.99,27-JUL-2009
Killing Us Softly,615,"Offit, Paul",0764239016,y,,2,4,,21-JAN-2008
Kilvert's Diary: A Selection,824,"Kilvert, Francis (Plomer, William (Ed.))",0917957183,y,26-OCT-1999,1,4,5.99,26-MAY-2009
Kinds of Minds,128.2,"Dennett, Daniel C",8084422139,y,09-OCT-1997,2,1,5.99,29-OCT-1999
King Arthur's Avalon,942,"Ashe, Geoffrey",0439161845,n,01-JAN-1976,0,0,1.99,16-MAY-2017
King Kobold,823,"Stasheff, Christopher",630304973X,n,01-OCT-1984,0,1,5.49,16-MAY-2017
King Solomon's Carpet,823,"Vine, Barbara",978-7484394385,y,21-MAY-2006,1,10,5.99,07-AUG-2014
"King of the Swords, The",823,"Moorcock, Michael",4205464201,n,01-JAN-1976,0,2,2.99,16-MAY-2017
"King of the Swords, The",823,"Moorcock, Michael",6641138502,n,01-NOV-1983,0,10,4.99,16-MAY-2017
Kiteworld,823,"Roberts, Keith",6950525049,y,01-JUL-1988,1,4,4.5,28-MAR-1991
Knowledge and Explanation in History,901,"Atkinson, R F",8927495935,y,01-DEC-1986,1,1,1.99,17-FEB-1995
"Knowledge and the Power, The",500,"Tolstoy, Ivan",5777593737,y,01-JUL-1991,1,1,5.99,17-SEP-1999
Knowledge is Power,600.9,"Henry, John",9232229008,y,19-MAR-2004,1,0,5.99,05-JUN-2012
Knowledge: A Very Short Introduction,100,"Nagel, Jennifer",5441697429,y,,1,2,,02-AUG-2015
Knulp,823,"Hesse, Herman",978-5386943601,n,21-JUL-2006,0,2,7.99,16-MAY-2017
Kubrick,791.43,"Ciment, Michael",9719030857,y,14-JUN-2001,1,1,21.5,18-APR-2008
"L-Shaped Room, The",823,"Ried Banks, Lynne",3304846228,y,,5,10,,20-MAR-2014
Lacan for Beginners,150.19,"Leader, Darian, and Groves, Judy",6552352717,n,31-MAY-1997,0,1,17.99,16-MAY-2017
Ladies From Hell,823,"Roberts, Keith",5815414584,y,01-JAN-1987,1,4,4.99,09-FEB-1991
Lady Audley's Secret,823,"Braddon, Mary Elizabeth",5512162626,y,07-NOV-2001,3,10,7.99,08-JUN-2011
Lady Chatterley's Lover,823,"Lawrence, D H",4337855775,y,01-JAN-1976,1,10,3.5,05-NOV-1982
Laing and Anti-Psychology,150.1,Various,8945239302,y,01-OCT-1993,1,1,5.99,18-DEC-2001
Lair,823,"Herbert, James",9047419196,n,01-FEB-1990,0,0,12.49,16-MAY-2017
"Lake of Darkness, The",823,"Rendell, Ruth",2377510789,n,01-NOV-1993,0,2,17.99,16-MAY-2017
Landscape and Memory,900,"Schama, Simon",1380470209,y,20-DEC-1999,1,2,17.99,11-JUN-2005
Landscape and Townscape in the South West,900,"Highham, Robert (Ed.)",2392582708,y,27-JUN-1998,1,4,17.99,26-JAN-2008
Language and Creativity: The Art of Common Talk,418,"Carter, Ronald",6205175163,y,08-JUN-2002,1,4,21.5,25-AUG-2010
Language in History,400.9,"Goad, Harold",0594360256,y,13-JUL-1998,2,2,12.49,11-FEB-2008
Language in the Modern World,400,"Potter, Simeon",978-6880922563,n,04-JAN-2008,0,1,17.99,16-MAY-2017
"Language of 1984, The: Orwell's English and Ours",417,"Bolton, W F",4975426982,y,29-SEP-1999,1,4,17.99,07-JAN-2000
"Language of the Genes, The",575.1,"Jones, Steve",0484511024,y,12-OCT-1997,2,2,5.99,13-MAY-2007
Languages and Jargons,417,"Burke, Peter, and Roy Porter (eds.)",5566472078,y,07-OCT-2001,1,4,17.99,24-DEC-2009
Languages of Nature,600.9,"Jordanova, Ludmilla (ed.)",1807838702,y,01-JUL-2003,2,2,7.99,17-SEP-2011
"Last Frontier, The",520.9,"Guthke, Karl S",4046268549,y,28-MAY-1998,2,1,5.99,14-AUG-2006
"Last Leap, The",823,"Galouye, Daniel F",9272084436,n,01-OCT-1982,0,10,1.99,16-MAY-2017
"Last Three Minutes, The",520,"Davies, Paul",7982152010,y,27-MAY-2003,2,1,5.99,13-AUG-2011
Learning English,410,"Mercer, Neil, Swann, J. and Mayor, B.",978-5438593498,y,03-AUG-2011,1,4,21.5,15-MAY-2018
Learning from Other Worlds,809.38762,"Parrinder, Patrick (ed)",1365800948,y,,1,1,,24-JUN-2011
Learning to Philosophise,100,"Emmet, E R",0287228516,y,01-JAN-1980,1,2,3.5,19-MAR-1988
"Left Brain, Right Brain",153,"Springer, Sally P,",7208376144,y,20-JAN-1998,2,2,17.99,08-APR-2006
Legends from the End of Time,823,"Moorcock, Michael",4758254506,y,01-SEP-1979,1,12,3.5,10-DEC-1979
Leisure and Class in Victorian Britain,941.34,"Bailey, Peter",9031572202,n,29-DEC-2000,0,2,21.5,16-MAY-2017
Leviathan,823,"Shea, Richard and Wilson, Robert Anton",3326257851,y,01-AUG-1993,1,10,5.99,05-JUN-2000
Leviathan,321,"Hobbes, Thomas",9349919506,,29-JAN-1997,1,2,12.49,22-JUL-2002
Leviathan Wakes,823,"Corey, James A",9682441545,y,20-JAN-2003,3,10,17.99,20-AUG-2012
"Liar's Tale, The",900,Jeremy Campbell,7895669582,y,30-OCT-2002,1,4,5.99,16-JAN-2011
Liberty in the Modern State,323,"Laski, H J",3997781493,n,01-FEB-1982,0,2,1.99,16-MAY-2017
Life and Death of Democracy,321.8,"Keane, John",0354881245,y,08-NOV-1997,2,1,5.99,25-JAN-2006
Life and Times of the English Language,420.9,"Flaiborne, L C",4542805406,y,01-JAN-1994,1,1,21.5,20-MAR-2002
"Life, the Universe, and Everything",823,"Adams, Douglas",7298069190,n,01-OCT-1983,0,12,4.99,16-MAY-2017
Lifetide,500,"Watson, Lyall",4832559002,n,01-MAR-1990,0,1,17.99,16-MAY-2017
Light Years,1.9,"Kinder, Gary",681879374X,n,01-MAY-1995,0,2,17.99,16-MAY-2017
Limbo 90,823,"Wolfe, Bernard",5170565590,n,01-APR-1984,0,4,4.99,16-MAY-2017
Linguistic Thought in England,410,"Harris, Roy (ed.)",0084668878,y,13-OCT-1996,2,1,7.99,14-MAY-2006
Linguistics,410,"Crystal, David",7750071486,y,12-MAY-2000,1,1,21.5,17-MAR-2007
"Lion and the Unicorn, The",321,"Orwell, George",963944621X,y,11-FEB-1998,2,4,17.99,22-MAR-2002
Listen! The Stars!,823,"Brunner, John",978-3159533196,n,21-SEP-2007,0,12,21.5,16-MAY-2017
Listening to Prozac,153,"Kramer, Peter D",2724472793,y,10-FEB-2004,1,1,17.99,15-DEC-2010
Literature in Context,809,"Rylance, Rick and Judy Simons (eds)",7485177218,y,,1,2,,02-AUG-2015
"Literature, Politics and Culture in Postwar Britain",306,"Sinfield, Alan",978-6082783540,y,12-APR-2007,2,1,12.49,10-NOV-2016
"Little Friend, The",823,"Tart, Donna",978-5570542414,y,16-FEB-2012,3,1,17.99,15-MAY-2018
Live Flesh,823,"Rendell, Ruth",978-0161512629,y,26-NOV-2006,3,10,21.5,30-SEP-2013
"Lives to Come, The",500,"Kitcher, Philip",4685969388,y,13-DEC-1997,1,2,17.99,01-MAR-2006
"Living Brain, The",153,"Walter, W Gray",4131057758,n,15-OCT-1995,0,2,17.99,16-MAY-2017
Local Anaesthetic,823,"Grass, Gunter",1438612724,n,01-MAY-1980,0,1,4.5,16-MAY-2017
Locke in 90 Minutes,190.9,"Strathern, Paul",4033834242,n,25-NOV-1998,0,2,17.99,16-MAY-2017
Logic and its Limits,100,"Shaw, Patrick",8007862465,y,,1,0,,20-MAR-2014
"London Underground, The",625.9,"Day, J R",9535341617,n,01-DEC-1980,0,2,2.99,16-MAY-2017
"Long Result, The",823,"Brunner, John",2542813375,y,01-MAY-1990,2,1,12.49,30-NOV-1999
"Long Revolution, The",800.9,"Williams, Raymond",966832778X,y,19-MAR-1997,1,2,12.49,18-OCT-2006
"Long Weekend, The",941.082,"Graves, Robert, and Hodge, Alan",1350153736,n,18-APR-1998,0,4,5.99,16-MAY-2017
Look at the Harlequins,823,"Nabokov, Vladimir",8684241878,y,01-MAY-1992,4,4,5.99,18-JUL-2000
Look to Windward,823,"Banks, Iain, M",978-0588101954,y,26-JUN-2015,3,4,7.99,15-MAY-2018
"Looking Glass War, The",823,"Le Carre, John",057741209X,y,01-MAR-1994,3,12,5.99,30-SEP-2003
Looking for Orthon,1.9,"Bennet, Colin",1023576949,y,28-JAN-2003,1,1,21.5,02-DEC-2009
"Loom of Language, The",410,"Bodmer, Frederick",6040502948,y,28-AUG-2001,2,2,5.99,29-MAR-2011
Lord Valentine's Castle,823,"Silverberg, Robert",3171229299,n,01-FEB-1991,0,4,5.99,16-MAY-2017
Lord of Light,823,"Zelazney, Roger",8515581977,y,01-APR-1980,3,12,4.5,18-JUN-1988
Lord of the Flies,823,"Golding, William",475466428X,y,01-SEP-1977,1,1,3.5,18-NOV-1985
"Lord of the Rings, The",823,"Tolkein, J R R",5031547493,y,01-JAN-1976,5,1,1.5,01-AUG-1985
"Lord of the Rings, The",823,"Tolkien, J R R",0089390362,y,01-JAN-1985,1,1,1.99,02-AUG-1994
"Lost Girl, The",823,"Lawrence, D H",8730347314,y,25-FEB-1998,1,10,5.99,14-MAY-2006
"Lost Roads of Wessex, The",900,"Cochrane, C",978-2818092877,y,05-MAY-2015,2,2,7.99,15-MAY-2018
Love,823,"Carter, Angela",4660048762,y,01-JUL-1992,1,2,17.99,09-AUG-1996
Love Among the Haystacks,808.3,"Lawrence, D H",0169744226,y,01-FEB-1980,2,2,5.49,19-APR-1988
"Lovely Bones, The",823,"Sebold, The",7960078441,y,,1,10,,02-AUG-2015
Lunatic Lovers of Language,417,"Yaguello, Marina",6201564752,y,27-MAY-2003,2,2,12.49,13-AUG-2011
"Lure of the Edge, The",300,"Denzler, Brenda",7303277034,y,21-OCT-2004,2,2,5.99,22-MAY-2014
"Lure of the Sea, The",306.4,"Corbin, Alain",1221891977,y,22-APR-1999,1,0,17.99,12-OCT-2004
Machines and Men,823,"Roberts, Keith",4601552205,y,01-DEC-1986,5,10,4.99,17-FEB-1995
"Mad, Bad and Dangerous? The Scientist and the Cinema",791.43,"Frayling, Christopher",9442602829,y,01-OCT-1994,1,1,12.49,05-AUG-2001
Madame Blavatsky's Baboon,133.9,"Washington, Peter",0018681861,y,10-FEB-1998,2,1,12.49,18-OCT-1998
Magic,133.4,"Conway, David",7473315842,n,01-MAY-1992,0,2,5.99,16-MAY-2017
Magic,823,"Goldman, William",3042837676,n,01-MAY-1986,0,10,1.99,16-MAY-2017
"Magic Furnace, The",520,"Chown, Marcus",5303578170,y,26-AUG-2002,2,0,12.49,30-JUN-2009
"Magician, The",823,"Maugham, W Somerset",978-5008275823,y,25-SEP-2013,5,12,5.99,15-MAY-2018
"Magus, The",823,"Fowles, John",6829186988,y,01-JAN-1989,4,10,1.99,06-NOV-1995
Maiden Castle,823,Powys. John Cowper,978-9934402220,n,07-SEP-2014,0,1,17.99,16-MAY-2017
Main Currents in Sociological Thought Vol1,301,"Aron, Raymond",7292526158,y,01-AUG-1986,2,4,4.99,20-AUG-1988
Main Currents in Sociological Thought Vol2,301,"Aron, Raymond",2099950305,y,01-AUG-1986,2,2,1.99,18-OCT-1994
Make Death Love Me,823,"Rendell, Ruth",978-3930428714,y,06-FEB-2006,4,0,17.99,11-DEC-2012
Making Sense: Philosophy Behind the Headlines,100,"Baggini, Julian",5819969282,n,25-DEC-2000,0,1,5.99,16-MAY-2017
"Making of England, The",942,"Bryant, Arthur",7103440960,n,01-APR-1988,0,1,4.99,16-MAY-2017
"Making of Intelligence, The",500,"Richardson, Ken",6390682411,y,,1,1,,24-JUN-2011
"Making of Memory, The",153.1,"Rose, Steven",2735021949,y,,1,4,,20-MAR-2014
"Making of the Cold War Enemy, The",353.1,"Robin, Ron",4012966586,y,,2,2,,24-JUN-2011
"Making of the Modern Mind, The",306,"Hodgkiss, Phillip",7688932935,y,19-MAR-1997,2,1,5.99,08-APR-1999
"Making of the Representative for Planet 8, The",823,"Lessing, Doris",7645975201,n,01-JUN-1990,0,12,21.5,16-MAY-2017
Making the Corp,355.3,"Ricks, Thomas E",7864793422,y,,2,4,,05-NOV-2012
Mammoth Book of Science Fiction Short Novels,823,"Asimov, Isaac (ed.)",978-3046267672,y,15-APR-2007,1,12,21.5,02-JUL-2015
Man and the Cosmos,520,"Calder, Richie",6387775487,y,19-APR-2002,1,2,21.5,06-JUL-2010
Man and the Natural World: Changing Attitudes in England 1500-1800,900,"Thomas, Keith",8567172745,y,09-JAN-1999,1,2,7.99,09-AUG-2008
"Man in the High Castle, The",823,"Dick, Philip K",0009199362,y,23-FEB-1986,3,12,5.49,12-MAY-1994
Man of Two Worlds,823,"Herbert, Frank and Herbert, Brian",8775019915,n,01-OCT-1987,0,1,1.99,16-MAY-2017
Man the Builder,500.9,"Pannell, J M",5996187621,y,01-APR-1980,2,2,2.99,18-JUN-1988
"Man, Beast and Zombie",500,"Malik, Kenan",5898419915,y,23-JAN-2005,1,2,12.49,12-FEB-2007
Mansfield Park,823,"Austen, Jane",6822482150,y,01-DEC-1986,5,12,1.99,08-AUG-1987
Mantissa,823,"Fowles, John",978-2076902148,n,07-DEC-2008,0,2,17.99,16-MAY-2017
Mapping Mars,523.2,"Moreton, Oliver",978-7046860124,y,10-OCT-2009,2,4,17.99,18-NOV-2013
March of the Machines,500,"Warwick, Kevin",1283531171,y,,1,4,,20-MAR-2014
Margaret Mead and the Heretic,300,"Freeman, Derek",978-4324498104,y,07-JAN-2010,1,2,12.49,15-MAY-2018
"Marriage of Cadmus and Harmony, The",823,"Calasso, Roberto",0321071949,y,21-OCT-2005,5,2,12.49,13-APR-2011
Mars,823,"Bova, Ben",978-0457339008,y,20-NOV-2008,4,2,7.99,06-FEB-2017
"Marshall Plan for Novel Writing, The",807,"Marshall, Evan",2429380222,y,11-NOV-1998,2,4,5.99,11-JUN-2008
"Martina, the",823,"Weir, Andy",9298280053,y,,1,1,,27-SEP-2008
Marx for Beginners,300,Rius,8386487308,n,01-FEB-1981,0,4,1.99,16-MAY-2017
"Master of the Moor, The",823,"Rendell, Ruth",978-7808930403,y,07-JAN-2014,4,10,5.99,15-MAY-2018
Master of the Temple,823,"Roberts, Eric",4420741277,n,01-MAY-1990,0,1,12.49,16-MAY-2017
Mastermind,153,"Konnikova, Maria",317094624X,n,24-JAN-1998,0,2,17.99,16-MAY-2017
"Mathematical Experience, The",510.9,Hersh and Davies,8227747217,y,01-AUG-1991,2,2,5.99,01-MAR-2001
"Mathematical Tourist, The",510.9,"Petersen, Ivan",6725393560,y,,2,4,,20-MAR-2014
Mathematics in Western Culture,510,"Kline, Morris",443124695X,y,01-MAR-1982,2,2,4.5,09-APR-1986
Matter,823,"Banks, Iain M",9186659972,n,15-JAN-2001,0,2,5.99,16-MAY-2017
"Mayor of Casterbridge, The",823,"Hardy, Thomas",5195606875,y,01-SEP-1984,1,12,5.49,18-NOV-1992
Mdame Bovary,823,"Flaubert, Gustave",9855297194,y,01-JUN-1994,1,10,5.99,22-NOV-1999
"Meaning of Things, The",100,"Grayling, A C",8353906362,y,13-APR-2004,2,0,17.99,04-OCT-2009
"Mechanical Mind, The",100,"Crane, Tim",8454278190,y,28-FEB-2003,1,1,17.99,24-NOV-2005
"Mechanics of Wonder, The",809,"Westfahl, Gary",4353528020,y,,2,1,,02-AUG-2015
Medea,822,Euripides,978-9332002820,y,15-JUL-2008,1,2,12.49,20-MAY-2015
Media Discourse,302.23072,"Fairclough, Norman",4254494880,y,12-APR-2003,1,2,12.49,29-JUN-2011
Media Research Techniques,302.23072,"Berger, Arthur Asa",6380751825,y,14-JUN-2001,2,0,12.49,18-APR-2008
"Media Trilogy, The",70.4,"Harris, Robert",2863717174,y,27-JUN-2004,2,2,17.99,13-SEP-2012
"Medieval Machine, The",909.07,"Gimpel, Jean",2854731499,y,01-MAY-1982,2,2,1.99,18-JUL-1990
Medieval Roads and Tracks,911,"Hindle, Paul",6655717667,y,20-JAN-1997,2,4,17.99,08-APR-2005
Meeting at Telgte,823,"Grass, Gunter",3312976464,n,03-OCT-1988,0,10,4.99,16-MAY-2017
"Megaliths, Myths and Men",930.1,"Brown, P Lancaster",4472717566,n,01-JUN-1979,0,2,0.99,16-MAY-2017
"Memories, Dreams and Reflections",150.9,"Jung, C J",7316025927,n,01-MAR-1977,0,2,0.99,16-MAY-2017
Memory,153.1,"Hunter, Ian M L",1395381923,y,01-MAY-1997,2,2,17.99,09-JUN-2001
"Memory Game, The",823,"French, Nicci",1123912396,y,01-DEC-1994,3,10,5.99,27-AUG-1997
Memory Trade,302.2,"Tofts, Darren and Murray McKeich",9769938812,y,,2,2,,05-NOV-2012
Merlin,823,"Nye, Robert",0948909582,n,01-JAN-1981,0,1,4.99,16-MAY-2017
Metamorphosis and Other Stories,808.3,"Kafka, Franz",3736952764,y,01-APR-1977,2,1,0.99,22-SEP-1982
Metaphors We Live By,415,"Lakoff, George, and Mark Johnston",665039759X,y,14-JUL-2002,2,1,5.99,18-MAY-2009
Metaphysical Horror,100,"Kolakowski, Leszek",6946797449,y,20-JAN-1998,2,1,21.5,24-NOV-2004
Meteorology,551.5,Aeolius,8005474134,y,01-DEC-1988,1,4,2.99,28-AUG-1991
Metroland,823,"Barnes, Julian",917712373X,n,01-JUL-1992,0,10,5.99,16-MAY-2017
"Metropolitan Murder, A",823,"Jackson, Lee",978-8675679061,n,07-JUN-2007,0,12,7.99,16-MAY-2017
Mid-Victorian Britain 1851-75,942.081,"Best, Geoffrey",6436779269,n,30-JUN-1999,0,2,17.99,16-MAY-2017
"Middle Age of Mrs Eliot, The",823,"Wilson, Angus",0571243592,y,31-MAR-2003,1,10,17.99,02-FEB-2010
"Middle Class, The",900,"James, Laurence",175340871X,y,18-JUL-1997,1,4,5.99,08-JAN-2003
"Middle Mind, The",306,"White, Curtis",3708162337,y,26-DEC-2005,2,1,21.5,27-JUL-2015
"Midwich Cuckoos, The",823,"Wyndham, John",4190859466,n,01-JUL-1993,0,10,21.5,16-MAY-2017
"Mill on the Floss, The",823,"Eliot, George",6510881789,y,01-DEC-1993,1,1,5.99,17-FEB-2002
Millenium,909,"Fernandez-Armesto, Felipe",5759173076,y,01-MAR-1994,1,2,17.99,18-MAY-2002
"Mind Parasites, The",823,"Wilson, Colin",0618533222,n,02-FEB-2001,0,2,5.99,16-MAY-2017
Mind Sculpture,128.2,"Robertson, Ian",5437918755,y,01-SEP-1999,1,4,5.99,18-NOV-2007
"Mind So Rare, A",128.2,"Donald, Merlin",4846087063,y,13-OCT-2003,2,4,17.99,13-MAY-2013
Mind and Cognition,153,"Lycan, William G (ed.)",4479848484,y,04-AUG-1998,2,1,7.99,04-MAR-2008
"Mind's Eye, The",128.2,"Dennet, D and Hofstadter, D",9219472864,y,01-OCT-1991,2,1,12.49,12-FEB-1993
"Mind's Sky, The",150,"Ferris, Timothy",7764914147,y,07-MAY-1997,2,1,21.5,06-DEC-2006
"Minds, Brains and Science",128.2,"Searle, John R",700224628X,y,30-DEC-2003,1,2,17.99,13-MAY-2005
Mindswap,823,"Scheckley, Robert",2687227294,y,01-DEC-1994,1,1,12.49,17-FEB-2003
Mindwaves,150,"Blakemore, Colin, and Susan Greenwood",0895286678,n,16-AUG-2001,0,1,17.99,16-MAY-2017
"Ministry of Fear, The",823,"Greene, Graham",978-4222678772,y,03-DEC-2012,2,10,12.49,15-MAY-2018
"Minotaur, The",823,"Vine, Barbara",978-7065623280,y,05-AUG-2006,5,1,21.5,22-OCT-2014
Miss Brill,808.3,"Mansfield, Katherine",9715947541,y,30-SEP-1998,2,0,5.99,22-MAR-2004
Miss Smilla's Feeling for Snow,823,"Hoeg, Peter",9505030447,n,07-NOV-1995,0,4,5.99,16-MAY-2017
Miss Wyoming,823,"Coupland, Douglas",3187800643,y,28-JAN-2003,5,1,17.99,02-DEC-2009
Modern English Usage,808,"Fowler, H W",2443948729,y,01-SEP-1994,2,4,21.5,18-NOV-2002
Modern Movements in European Philosophy,100,"Kearney, Richard",3179950823,y,19-NOV-1997,2,1,17.99,23-SEP-2004
Modern Poets on Modern Poetry,809.1,"Scully, James (eds)",8411458697,y,,2,4,,09-FEB-2010
Modern Science and the Nature of Life,530,"Beck, William S",105568274X,y,01-OCT-1987,1,4,4.99,18-DEC-1995
Moon Magic,823,"Fortune, Dione",5040836765,n,01-DEC-1992,0,10,12.49,16-MAY-2017
Moon Over Water,158,"MacBeth, Jessica",0677560256,y,01-SEP-1993,2,4,7.99,10-OCT-1997
"Moon and Sixpence, The",823,"Maugham, W Somerset",8274674219,y,24-JAN-1999,4,10,17.99,28-NOV-2005
"Moon of Gomrath, The",823,"Garner, Alan",269186704X,y,01-JAN-1976,4,2,0.99,20-JAN-1978
"Moonstone, The",823,"Collins, Wilkie",2779772180,y,01-JAN-1976,4,1,3.5,05-NOV-1982
Moral Combat: A History of World War II,355.9,"Burleigh, Michael",978-8127285437,y,26-NOV-2015,1,2,17.99,15-MAY-2018
"Moral Landscape, The",100,"Harris, Sam",8075691237,y,18-OCT-1996,2,1,5.99,04-JAN-2005
More Than Human,823,"Sturgeon, Theodore",5097369466,y,01-AUG-1977,4,1,3.5,02-MAR-1987
More UFOs Over Warminster,1.9,"Shuttlewood, Arthur",4385229654,n,19-JAN-1997,0,2,17.99,16-MAY-2017
"Morning of the Magicians, The",1.9,Pauwels and Bergier,5198110135,y,01-JAN-1976,2,4,0.99,05-NOV-1982
Mortal Questions,190,"Nagel, Thomas",8997696745,y,,2,4,,09-FEB-2010
"Movie Moguls, The",791.43092,"French, Philip",1961111856,y,30-SEP-1998,1,2,5.99,22-MAR-2004
Mrs Dalloway,823,"Woolf, Virginia",978-6804977426,y,30-APR-2013,4,12,17.99,20-MAY-2015
Mrs Palfrey at the Claremont,823,"Taylor, Elizabeth",978-9928439292,y,29-DEC-2014,5,10,5.99,15-MAY-2018
Murder for Love,808.3,"Penzler, Otto (Ed.)",978-0586411180,y,01-JUN-2007,1,1,5.99,21-NOV-2012
My Salinger Year,921,"Rakoff, Joanna",7202024235,y,,2,2,,02-AUG-2015
Mysteries,133,"Wilson, Colin",7131121143,y,01-DEC-1995,2,2,5.99,17-FEB-2004
"Mysterious Unknown, The",133,"Charroux, Robert",9790110704,n,01-MAR-1977,0,2,1.99,16-MAY-2017
"Myth of Irrationality, The",153,"McCrone, John",6021213260,y,01-OCT-1993,2,0,12.49,24-MAR-1999
Mythologies,848,"Barthes, Roland",6087659176,y,14-JUL-2001,1,2,5.99,12-FEB-2011
Mythology,290,"Maranda, Pierre (Ed)",8675916921,y,25-OCT-1998,1,2,7.99,25-MAY-2008
"Narrow Corner, The",823,"Maugham, W Somerset",978-6993267474,y,25-DEC-2014,4,12,5.99,15-MAY-2018
Narziss and Goldmund,823,"Hesse, Herman",9383405377,y,01-MAY-1978,2,2,1.5,30-NOV-1987
"Nature and Limits of Human Understanding, The",153,"Sanford, Anthony J (ed)",7314105587,y,,2,2,,20-MAR-2014
"Nature of Human Consciousness, The",153,"Ornstein, Robert E. (Ed.)",978-9660706040,y,02-MAR-2006,1,1,12.49,01-OCT-2015
"Nature of Time, The",500,"Whitrow, G J",3201811390,y,20-AUG-1996,1,2,17.99,25-JUN-2003
"Nature of the Beast, The",823,"Fyfield, Frances",978-4985421088,y,28-NOV-2006,3,12,21.5,14-FEB-2015
"Nature of the Universe, The",523.1,"Hoyle, Fred",1485099281,y,20-SEP-1996,1,1,12.49,21-APR-2006
Nature's Mind,150,"Gazzaniga, Michael  S",8256366378,y,01-MAY-1995,1,0,5.99,18-JUL-2003
"Neanderthal Question, The",153,"Gooch, Stan",5522730600,y,01-NOV-1984,1,4,1.99,02-JUN-1994
Necessary Doubt,823,"Wilson, Colin",1058687084,y,24-DEC-1998,1,2,12.49,12-MAR-2007
"Nemesis Affair, The",500,"Raup, David M",978-1132450426,y,07-AUG-2013,1,2,17.99,15-MAY-2018
Neoliberalism: A Very Short Introduction,320,"Steiger, Manfred B and Ravi K Roy",978-7931299558,y,29-DEC-2015,1,0,17.99,15-MAY-2018
"Neophiliacs, The",900.085,"Booker, Christopher",3238378672,y,23-MAR-1998,1,1,12.49,09-JUN-2006
"Neptune File, The",500,"Standage, Tom",2572790423,y,27-MAY-2005,1,2,12.49,26-DEC-2014
Neuromancer,823,"Gibson, William",1231434192,y,01-SEP-1994,1,12,12.49,22-FEB-2000
New Frontiers of the Mind,133.8,"Rhine, J B",989705511X,y,01-AUG-1977,1,4,0.99,18-OCT-1985
"New Girlfriend, The, and other Stories",808.3,"Rendell, Ruth",978-775656534X,y,25-DEC-2015,1,1,17.99,15-MAY-2018
New Poetic: Yeats to Eliot,809.1,"Stead, C K",0090713516,y,15-JUN-1977,1,4,0.99,20-FEB-1978
New Poetic: Yeats to Eliot,809.1,"Stead, C K",0090713516,y,17-JUL-2009,2,1,5.99,21-MAY-2016
"New Priesthood, The",600.9,"Lapp, Ralph E",6458039548,n,25-MAY-2001,0,2,12.49,16-MAY-2017
"New SF, The",823,Various,4170134791,y,01-OCT-1987,5,1,4.99,01-MAY-1997
"New Science of Life, The",500,"Sheldrake, Rupert",9530021650,y,,1,1,,20-MAR-2014
New Scientist Guide to the Quantum World,500,"Lindley, David",1356663379,y,04-FEB-2000,2,4,21.5,04-SEP-2009
"New Skepticism, The",100,"Kurtz, Paul",0029829922,y,25-JAN-1998,2,4,21.5,18-JUL-2003
New Technology,500,Various,4301625604,y,01-JAN-1983,2,1,2.99,01-AUG-1992
"New Tomorrows, The",823,"Spinrad, Norman (ed)",2561005937,y,01-MAR-1986,4,0,4.99,22-AUG-1991
"New UFO Breakthrough, The",1.9,"Steiger, Brad and Whritenour, June",4652546693,y,01-MAY-1994,2,2,5.99,20-MAY-1996
New Worlds - An Anthology,823,"Moorcock, Michael (Ed.)",2164394726,y,02-FEB-1985,1,4,4.5,21-APR-1993
"Newtonian Casino, The",530,"Bass, Thomas A",0428480380,y,28-MAR-2000,2,4,5.99,27-OCT-2009
"Next 200 Years, The",335,"Kahn, Herman",9870005716,n,12-DEC-1995,0,2,5.99,16-MAY-2017
Nietzsche in 90 Minutes,190.9,"Strathern, Paul",1579280869,n,25-APR-1997,0,4,17.99,16-MAY-2017
Nightfall,823,"Asimov, Isaac, and Silverberg, Robert",8102791448,y,01-AUG-1986,2,0,5.49,18-OCT-1994
Nine Princes in Amber,823,"Zelazney, Roger",6717373792,n,01-APR-1977,0,1,2.99,16-MAY-2017
No Boundary,150.1,"Wilber, Ken",5760990784,n,,0,2,,16-MAY-2017
No Country For Old Men,823,"MacCarthy, Cormac",978-5706931160,y,19-FEB-2012,1,1,21.5,11-AUG-2017
No Go the Bogeyman,390,"Warner, Marina",6299804233,y,,1,1,,02-AUG-2015
No Logo,306,"Klein, Naomi",0441224929,y,30-DEC-1997,1,2,5.99,31-JUL-2007
No Night is too Long,823,"Vine, Barbara",978-2796218960,y,28-AUG-2015,3,10,7.99,15-MAY-2018
No Time to Think,71.01,"Rosenberg, Howard, and Charles S Feldman",5517558523,y,,2,2,,20-MAR-2014
NonZero,500,"Wright, Robert",4598135699,y,19-OCT-2003,1,4,7.99,27-NOV-2007
Nonsense Novels,808.3,"Leacock, Stephen",0980841876,n,01-JUL-1983,0,2,1.99,16-MAY-2017
"Norman Conquests, The",822,"Ayckbourn, Alan",5253381899,y,01-AUG-1979,1,4,2.99,07-APR-1980
Northanger Abbey,823,"Austen, Jane",2554670112,y,01-DEC-1986,5,12,1.99,17-FEB-1995
Northanger Abbey,823,"Austen, Jane",978-0703386162,y,10-FEB-2010,2,4,17.99,06-NOV-2012
Not After Midnight,808.3,"De Maurier, Daphne",7100259758,y,01-JUL-2003,2,0,7.99,17-SEP-2011
Not Your Heart Away,823,"Bennett, Carl",978-8580831987,y,22-SEP-2015,5,1,17.99,15-MAY-2018
Not the End of the World,823,"Atkinson, Kate",978-2513445552,y,31-DEC-2015,2,4,12.49,19-JAN-2018
Notes Toward a Definition of Culture,306,"Eliot, T S",6984643450,y,29-JAN-1997,1,2,12.49,17-APR-2005
Now Wait for Last Year,823,"Dick, Philip K",1758635809,y,01-DEC-1992,1,10,5.99,09-JAN-1997
"Nuclear Barons, The",500,Unknown,6775219346,n,01-APR-1986,0,4,1.99,16-MAY-2017
Number,510.9,"McLiesh, John",6458329790,y,01-SEP-1993,1,4,7.99,10-OCT-1997
"Number Sense, The",510.1,"Dehaene, Stanislas",9671163186,y,29-JUL-2003,1,4,5.99,15-OCT-2011
Observer Book of the Weather,551.5,Various,0146942088,y,01-NOV-1981,2,4,1.99,18-JAN-1990
Observer's Astronomy,520,"Moore, Patrick",4805166239,y,12-OCT-1978,1,2,0.99,03-APR-1984
Observer's Astronomy,520,"Moore, Patrick",681158555X,y,29-NOV-1979,1,2,0.99,21-MAY-1985
"Occult, The",133.4,"Wilson, Colin",2523001778,y,01-JAN-1993,1,2,12.49,06-NOV-1999
October Ferry to Gabriola,823,"Lowry, Malcolm",868240016X,y,01-JUN-1989,4,2,5.49,09-SEP-1989
Of Human Bondage,823,"Maugham, W Somerset",5082846705,n,09-JAN-1999,0,2,5.99,16-MAY-2017
"Officer and a Spy, A",823,"Harris, Robert",2628874822,y,30-SEP-1996,2,1,21.5,01-MAY-2006
"Oh, What a Blow that Phantom Gave Me!",301,"Carpenter, Edmund",8340242071,y,19-MAR-1997,2,4,7.99,05-JUN-2005
"Okri, Ben",823,Astonishing the Gods,9335467280,y,01-AUG-1986,1,4,5.49,18-OCT-1994
"Old Man and the Sea, The",823,"Hemingway, Ernest",7007858915,n,01-APR-1982,0,2,4.5,16-MAY-2017
"Old Men at the Zoo, The",823,"Wilson, Angus",6350091159,y,03-MAY-2001,2,12,17.99,02-DEC-2010
"Olive Tree, The",808.3,"Huxley, Aldous",0420953576,y,01-JAN-1977,2,4,1.5,02-AUG-1986
"Omen, The",823,"Seltzer, David",5144029551,n,01-JAN-1976,0,10,0.99,16-MAY-2017
"On ""What is History?""",901,"Jenkins, Keith",218974381X,y,30-SEP-1997,1,4,5.99,17-DEC-2005
On Chesil Beach,823,"McEwan, Ian",978-5836239255,n,14-SEP-2014,0,12,7.99,16-MAY-2017
On Democracy,300,"Dahl, Robert A",2081440511,y,26-APR-2003,2,1,5.99,28-FEB-2010
On Liberty,323.1,"Mill, John Stuart",978-7355580357,y,30-NOV-2015,2,2,21.5,15-MAY-2018
On Poetry and Prose,809.3,"Eliot, T S",7380132953,y,01-DEC-1993,1,2,7.99,17-FEB-2002
On the Beach,823,"Shute, Nevil",7786412923,y,01-NOV-1987,1,10,1.99,18-JAN-1996
"Once and Future King, The",823,"White, T H",8970524738,y,01-SEP-1983,1,4,1.99,01-APR-1993
"One Across, Two Down",823,"Rendell, Ruth",6213047410,n,31-JUL-2004,0,10,17.99,16-MAY-2017
One Dimensional Man,300,"Marcuse, Herbet",3117224981,n,01-MAR-1980,0,1,4.99,16-MAY-2017
One Good Turn,823,"Atkinson, Kate",978-6012085451,y,12-JAN-2014,5,0,5.99,15-MAY-2018
"One World, Ready or Not",306,"Greider, William",2323622900,y,18-MAR-1996,2,2,5.99,21-JAN-2003
One of Us,823,"Marshall Smith, Michael",978-782703334X,y,02-JAN-2008,2,12,5.99,21-JAN-2010
Operation Ares,823,"Wolfe, Gene",9990101149,n,01-DEC-1989,0,4,1.99,16-MAY-2017
Operation Trojan Horse,1.9,"Keel, John",1205438865,y,01-FEB-1977,2,2,0.99,12-MAR-1981
"Opium General and Other Stories, The",823,"Moorcock, Michael",8763962425,n,01-DEC-1986,0,2,1.99,16-MAY-2017
"Orchard Keeper, The",823,"McCarthy, Cormac",4417283393,y,12-FEB-1999,1,4,17.99,01-MAY-2007
Order of Assassins: The Psychology of Murder,153,"Wilson, Colin",978-5290710263,y,30-JUL-2007,2,2,5.99,16-OCT-2015
Origin of Consciousness in the Breakdown of the Bicameral Mind,153,"Jaynes, Julian",6304683921,y,02-OCT-1997,2,4,7.99,10-NOV-2001
"Origin of Humankind, The",500,"Leakey, Richard",4672544536,y,30-MAR-1998,1,2,12.49,16-JUN-2006
"Origin of the Universe, The",520,"Barrow, John D",3148701290,y,19-SEP-2000,2,1,21.5,20-APR-2010
Origins,306.4,"Lightman, Alan and Roberta Brawer",9283163100,y,20-MAY-1998,1,1,17.99,06-AUG-2006
"Origins and Growth of Sociology, The",301,"Abraham, J H",7018980508,y,01-JUN-1986,1,1,1.99,06-FEB-1987
"Origins of Political Order, The",320,"Fukuyama, Francis",6638656988,y,01-MAR-1995,1,0,5.99,03-JAN-2002
Oscar and Lucinda,823,"Carey, Peter",2269038135,y,21-MAY-2002,1,4,5.99,25-MAR-2009
"Other World, The: Spiritualism and Psychical Research in England, 1850-1914",900,"Oppenheim, Janet",1993024257,y,,1,0,,09-FEB-2010
Our Game,823,"Le  Carre, John",978-5361129011,y,25-SEP-2009,4,1,17.99,18-MAR-2015
Our Language,420.9,"Potter, Simeon",6657368749,y,01-NOV-1986,1,4,5.49,18-JAN-1995
Our Posthuman Future,600.1,"Fukuyama, Francis",698816915X,y,01-MAR-1995,1,2,12.49,03-JAN-2002
Out of Control,500,"Kelley, Kevin",542720345X,y,01-FEB-1996,2,1,17.99,19-APR-2004
Out of the Shadows,1.9,"Clarke, David and Andy Roberts",3593822170,y,20-JAN-2003,2,4,17.99,24-NOV-2009
Outline Of World History,940,"Hamden, J A (ed)",5386143800,y,10-JUN-1996,2,4,21.5,01-DEC-2001
"Outsider, The",823,"Camus, Albert",4959880610,y,01-JUN-1977,3,0,2.99,22-NOV-1982
"Outsider, The",809.3,"Wilson, Colin",7652030819,y,01-JUL-1977,2,1,0.99,30-JAN-1987
"Overloaded Man, The",823,"Ballard, J G",7897373814,n,30-AUG-2001,0,2,5.99,16-MAY-2017
Oxford Companion to Music,780.3,"Scholes, Percy",6933692068,y,,1,2,,21-JAN-2008
Oxford Companion to Philosophy,100,"Honderich, Ted",7189928338,y,20-MAR-1997,1,2,5.99,10-SEP-2002
Oxford Companion to the Mind,150.3,"Gregory, Richard L",7018155021,y,28-FEB-1996,1,4,17.99,28-SEP-2005
"Oxford Popular History of Britain, The",941,"Morgan, Kenneth O (Ed.)",535498883X,y,,2,0,,20-MAR-2014
"Ozone Layer, The",540.9,"Christie, Maureen",978-7119438409,y,25-APR-2014,2,4,7.99,15-MAY-2018
"Painted Veil, The",823,"Somerset Maugham, W",978-8700266163,y,14-FEB-2007,1,12,5.99,19-DEC-2013
"Pair of Blue Eyes, A",823,"Hardy, Thomas",6930198435,y,30-JUL-1996,3,12,21.5,04-JUN-2003
"Pair of Silk Stockings, A",808.3,"Chopin, Kate",5449549642,y,17-JUL-2002,2,1,7.99,15-FEB-2012
Panic Attacks: Media Manipulation and Mass Delusion,300,"Bartholomew, Robert E and Hilary Evans",978-0708406289,y,05-AUG-2007,1,1,12.49,09-JUN-2014
Parade's End,823,"Ford, Maddox Ford",343921465X,y,01-AUG-1994,3,1,7.99,22-JAN-2000
Paradigms Lost,500,"Casti, John L",1091558892,y,01-JUN-1991,1,4,17.99,20-JUN-1993
Paradigms Regained,500,"Casti, John L",2797857501,y,20-JUN-2002,1,4,5.99,24-APR-2009
Paranoia: The 21st Century Fear,300,"Freeman, Daniel and Jason",2871167489,y,01-DEC-1994,2,2,7.99,17-FEB-2003
"Paranormal, The",153,"Gooch, Stan",4444197255,n,01-JAN-1995,0,4,12.49,16-MAY-2017
Parapsychology: A Concise History,133,"Beloff, John",1767990543,y,05-JUN-2001,2,2,5.99,04-JAN-2011
Passport to Magonia,1.9,"Vallee, Jacques",7355407312,y,01-APR-1978,1,1,0.99,31-OCT-1987
Pathways,911,"Rudd-Jones, Nicholas and David Stewart",7768073453,y,,1,2,,05-NOV-2012
Pattern Recognition,823,"Gibson, William",5955260036,y,01-MAY-1995,4,4,12.49,20-MAY-1997
"Pattern of Expectation, The",909.08,"Clarke, I F",2688673210,y,16-SEP-2002,2,2,12.49,16-APR-2012
"Pattern on the Stone, The: The Simple Ideas that Make Computers Work",500,"Hillis, W Daniel",8760189139,y,20-DEC-2001,1,2,5.99,21-JUL-2011
Patterns in the Mind,128.2,"Jackendoff, Ray",5225889755,y,27-OCT-1995,2,0,17.99,31-AUG-2002
Pavanne,823,"Roberts, Keith",7772896252,y,03-MAR-1985,5,4,1.99,20-MAY-1993
Pavanne,823,"Roberts, Keith",9323245445,y,01-NOV-1991,3,4,5.99,05-SEP-1998
Paycheck,823,"Dick, Philip K",142624748X,y,16-AUG-2005,4,10,12.49,17-MAR-2015
Penguin Book of Classical Myths,290,"March, Jenny (ed)",9120758366,y,28-OCT-1998,1,2,17.99,28-MAY-2008
"Penguin Essays of George Orwell, The",824,"Orwell, George",5403071472,y,,1,2,,24-JUN-2011
"Penultimate Truth, The",823,"Dick, Philip K",978-2103540707,y,30-JUN-2014,4,1,7.99,15-MAY-2018
"Perfect Spy, A",823,"Le Carre, John",2180501438,y,01-JAN-1990,4,2,5.49,20-MAR-1998
Perfectly Pure and Good,823,"Fyfield, Frances",1990445592,n,11-DEC-1997,0,10,21.5,16-MAY-2017
Periodic Kingdom,500,"Leakey, Richard",978-6445107589,n,26-OCT-2014,0,4,17.99,16-MAY-2017
"Periodic Kingdom, The",540,"Atkins, Peter",2353394671,y,01-AUG-1986,1,2,4.5,14-DEC-1987
"Periodic Table, The",823,"Levi, Primo",2927059188,n,01-JUL-1990,0,1,21.5,16-MAY-2017
Persuasion,823,"Austen, Jane",978-1374255168,y,24-DEC-2013,2,10,5.99,15-MAY-2018
Phantoms of the Sky,1.9,"Clarke, David and Roberts, Andy",5823516937,n,30-DEC-1997,0,2,5.99,16-MAY-2017
"Philanthropist, The",822,"Hampton, Cristopher",3341734760,n,01-APR-1978,0,4,0.99,16-MAY-2017
"Philisophical Investigation, A",823,"Kerr, Philip",5198880138,n,01-APR-1993,0,1,21.5,16-MAY-2017
Philosopher's Stone,900,"Marshall, Peter",1631671238,y,25-NOV-1998,2,2,12.49,29-SEP-2005
"Philosopher's Stone, The",823,"Wilson, Colin",4995785758,n,01-JAN-1976,0,2,2.99,16-MAY-2017
Philosophy and Social Hope,100,"Rorty, Richard",9450750113,y,,1,2,,20-MAR-2014
Philosophy and the New Physics,501,"Powers, Jonathan",6750727173,y,,2,4,,20-MAR-2014
"Philosophy of Science, The",501,"Toulmin, Stephen",3275546973,y,,1,4,,27-SEP-2008
Philosophy of Science: A Very Short Introduction,501,"Okasha, Samir",978-1943723667,y,08-OCT-2014,1,0,5.99,15-MAY-2018
Philosopy for Beginners,100,"Robinson, Dave and Judy groves",1166816317,y,,1,2,,24-JUN-2011
Pi in the Sky,510,"Barrow, John D",8197559900,y,21-JUL-1996,1,1,7.99,10-AUG-1998
Picnic at Hanging Rock,823,"Lindsay, Joan",978-5028836804,y,25-JUN-2013,2,2,17.99,15-MAY-2018
Pirahna to Scurfy,808.3,"Rendell, Ruth",6845294520,y,,2,2,,02-AUG-2015
"Place of Enchantment, The: British Occultism and the Culture of the Modern",130.9,"Owen, Alex",646955287X,y,,1,1,,20-MAR-2014
"Plague of Demons, A",823,"Laumer, Keith",3352546451,n,01-FEB-1986,0,1,4.99,16-MAY-2017
"Plague of Pythons, A",823,"Powers, Frederick",6022717765,n,01-JUN-1987,0,10,5.49,16-MAY-2017
Plato in 90 Minutes,184,"Strathern, Paul",6969582982,n,30-AUG-2000,0,2,5.99,16-MAY-2017
Play Power,909.82,"Neville, Richard",6719724739,y,01-JAN-1981,2,2,1.99,02-AUG-1990
Player Piano,823,"Vonnegut, Kurt",5627239559,y,02-MAR-1985,3,1,1.99,10-APR-1989
"Player of Games, The",823,"Banks, Iain M",4338189654,y,01-DEC-1993,1,12,12.49,17-FEB-2002
Plexus,823,"Miller, Henry",4306259884,y,01-JUL-1983,3,4,4.5,17-SEP-1991
"Plumed Serpent, The",823,"Lawrence, D H",535623464X,y,01-JAN-1979,2,4,3.5,11-APR-1979
Pluralism,300,"McLennan, George",6595146664,y,10-OCT-1998,2,1,17.99,01-APR-2004
Pocket Guide to Trees,574,"Sutton, David",8463407601,y,,2,4,,05-NOV-2012
Poetry of the Universe,500,"Osserman, Robert",4165767140,y,,1,2,,20-MAR-2014
Point Counter Point,823,"Huxley, Aldous",2695480833,y,25-APR-2001,1,10,5.99,12-JUL-2009
Point Counter-Point,823,"Huxley, Aldous",4663624258,y,01-JAN-1977,4,4,1.99,06-NOV-1983
Political Philosophy: A Very Short Introduction,320,"Miller, David",978-8579847691,y,30-NOV-2015,2,1,5.99,15-MAY-2018
Political Thought from Plato to NATO,320,Various,978-5956713201,y,06-MAR-2016,1,4,12.49,15-MAY-2018
Politics  - A Very Short Introduction,320,"Minogue, Kenneth",978-5532214588,y,31-DEC-2013,1,1,12.49,15-MAY-2018
"Politics of Apocalypse, The",261.26,"Cohn-Sherbok, Dan",0682264511,y,10-NOV-2002,2,0,7.99,14-SEP-2009
"Politics of Experience and the Bird of Paradise, The",154.2,"Laing, R D",5208611593,y,01-AUG-1980,2,2,1.99,22-JAN-1986
"Politics of Pure Science, The",338.97306,"Greenberg, Daniel S",897510509X,y,28-DEC-1995,1,4,17.99,28-JUL-2005
Pompeii,823,"Harris, Robert",978-8728862721,y,29-MAY-2006,4,4,7.99,17-JUN-2008
Popper,190.9,"Magee, Bryan",5196155615,y,01-AUG-1981,2,2,1.99,02-MAR-1991
Popular Culture: Past and Present,820.9,"Waites, Bernard, Tony Bennett, and Martin, Graham",8105321172,n,,0,1,,16-MAY-2017
Portrait of the Artist as a Young Dog,808.3,"Thomas, Dylan",978-6203259661,y,03-JUL-2014,1,2,7.99,11-OCT-2014
Portrait of the Artist as a Young Man,823,"Joyce, James",0201535770,y,01-JAN-1980,3,1,0.99,01-AUG-1989
Possession,823,"Byatt, A S",9052192438,y,01-JUL-1992,2,2,17.99,06-MAY-1999
Postmodern Thought,190,"Sim, Stuart (ed.)",333342223X,y,23-DEC-2005,2,2,5.99,24-JUL-2015
Postmodernism and Big Science,501,"Appignanesi, Richard (ed)",978-9290905082,y,03-JAN-2015,1,1,5.99,15-MAY-2018
Postmodernism for Beginners,190,"Appignanesi, Richard, and Garret, Chris",6765805980,y,01-MAY-1997,1,2,5.99,09-JUN-2001
"Postmodernism, Reason, and Religion",300,"Gellner, Ernest",6054001076,y,28-NOV-2003,2,1,21.5,20-MAY-2009
Power Shift,300,"Toffler, Alvin",6964658255,y,10-JUN-1995,2,0,5.99,27-AUG-2003
"Power of the Machine, The",600.9,"Buchanan, R A",1739922940,y,13-OCT-2003,2,4,17.99,13-MAY-2013
"Practice of History, The",901,"Elton, G R",0961257448,y,25-APR-1997,2,4,12.49,16-OCT-2002
Precious Bane,823,"Webb, Mary",9551594495,y,15-MAR-1979,1,10,2.99,01-JUN-1987
Predictions: 30 Great Minds on the Future,335,"Griffiths, Sian (ed.)",0449141218,n,29-MAR-2004,0,4,5.99,16-MAY-2017
"Preserving Machine, The",823,"Dick, Philip K",6167140299,y,01-DEC-1987,3,1,4.99,17-FEB-1996
Previews and Premises,300,"Toffler, Alvin",9533148859,n,24-AUG-1998,0,4,17.99,16-MAY-2017
Pricksongs and Descants,808.3,"Coover, Robert",7784953363,n,01-OCT-1983,0,2,1.99,16-MAY-2017
Pride and Prejudice,823,"Austen, Jane",0141439513,y,10-FEB-1976,3,10,2.99,28-APR-1984
"Prince, The",320.01,Machiavelli,5470682902,n,01-NOV-1992,0,2,5.99,16-MAY-2017
Print and the People,900,"James, Louis",6535679454,y,25-JUL-1997,2,4,5.99,14-AUG-1999
Printed Maps of Wiltshire,912,"Chandler, John (Ed.)",8329149135,n,14-JUL-2002,0,4,5.99,16-MAY-2017
"Private Future, The",300,"Pawley, Martin",4896961797,y,01-OCT-1977,1,2,1.99,02-MAY-1987
"Private Lives, Public Spirit: Britain 1870-1914",941.08,"Harris, Jose",0178002426,y,31-MAY-1999,2,2,7.99,17-AUG-2007
Prodigal Genius: The Life of Nikola Tesla,500,"O'Neil, J J",7862789774,n,01-JUL-1993,0,2,17.99,16-MAY-2017
Producing Your Own Power,600,"Hupping Stoner, Carol",6321681247,y,07-MAY-1997,1,4,17.99,24-JUL-2005
Profiles of the Future,335,"Clarke, Arthur C",978-2229014757,y,12-MAY-2015,1,4,17.99,15-MAY-2018
Pstalemate,823,"Del Rey, Lester",7836296557,n,01-MAR-1976,0,1,0.99,16-MAY-2017
Psychoanalysis Observed,153,"Rycroft, Charles, et al.",1724398253,y,20-JUL-2003,1,4,5.99,17-FEB-2013
Psychogeography,306,"Coverley, Merlin",978-8919161795,y,31-OCT-2014,2,1,7.99,19-NOV-2016
Psycholinguistics,410.15,"Greene, Judith",628863447X,y,07-FEB-1996,2,2,5.99,12-DEC-2002
Psychology,150,"Miller, George",0496135815,y,,2,1,,20-MAR-2014
Psychology For Everyman,153,"Skurnik, Larry S, and Frank George",9676321014,y,27-DEC-2003,2,4,7.99,31-OCT-2010
"Psychology of Communication, The",153,"Miller, George A",4982052895,y,01-DEC-1994,2,2,5.99,23-MAY-2000
"Psychology of Superstition, The",153,"Jahoda, Gustav",717463848X,y,06-JUL-2003,2,1,5.99,10-MAY-2010
"Puppet Masters, The",823,"Heinlein, Robert",7622187332,n,01-OCT-1975,0,1,0.99,16-MAY-2017
Pursuit of Paradise,900,"Brown, Jane",978-9627909148,y,30-JUL-2006,1,2,17.99,16-OCT-2014
"Pursuit of Signs, The",808,"Culler, Jonathan",4213121009,y,12-APR-2003,1,4,21.5,14-FEB-2010
"Pursuit of the Millenium, The",909,"Cohn, Norman",3584499575,y,03-MAR-2005,1,2,5.99,23-MAR-2007
Pygmalion,822,"Bernard Shaw, George",978-615855663X,y,10-JUL-2008,2,1,5.99,08-FEB-2018
"Quantum Self, The",500,"Zohar, Danah",5200956238,n,29-APR-2000,0,2,5.99,16-MAY-2017
"Quark and the Jaguar, The",520,"Gell-Mann, Murray",8922296646,n,07-MAR-2005,0,1,5.99,16-MAY-2017
"Quarry, The",823,"Banks, Iain",3656297668,y,05-JAN-2001,1,1,17.99,06-AUG-2010
Quartet,823,"Rhys, Jean",5433958166,n,01-SEP-1979,0,1,0.99,16-MAY-2017
"Queen of the Swords, The",823,"Moorcock, Michael",157299941X,y,01-JAN-1976,1,10,0.99,19-MAR-1984
"Quest for Immortality, The",500,"Olshansky, S. Jay and Bruce A. Carnes",931323179X,y,,2,1,,24-JUN-2011
"Quest for Mind, The",128.2,"Gardner, Howard",9936970770,y,15-DEC-2005,1,4,5.99,03-MAR-2014
"Quiet American, The",823,"Greene, Graham",978-3540617304,y,17-MAR-2015,1,4,17.99,15-MAY-2018
Quiet Days in Clichy,808.3,"Miller, Henry",2475746131,n,01-JUN-1983,0,0,4.99,16-MAY-2017
"Radical Twenties, The",942,"Lucas, John",8796353042,y,13-JUL-1998,2,4,17.99,03-JAN-2004
"Rainbow, The",823,"Lawrence, D H",1386927246,n,01-SEP-1980,0,4,4.99,16-MAY-2017
Rapid Reading Made Simple,808.04,"Wainwright, Gordon   R",894924632X,n,,0,2,,16-MAY-2017
"Rational Optimist, The",300,"Ridley, Matt",2428014466,y,,1,2,,20-MAR-2014
Rats and Gargoyles,823,"Gentle, Mary",4360889282,y,01-JUN-1992,3,1,21.5,21-JUN-1994
"Razor's Edge, The",823,"Somerset Maugham, W",978-0115365130,y,15-MAY-2011,2,10,5.99,19-MAR-2018
Read Between My Lines (Lives and Love of Stevie Nicks),780.92,"Halliwell, Sandra",978-5080810015,y,12-JAN-2012,2,4,12.49,08-OCT-2014
Reading 1922,820.9,"North, Michael",8199187293,y,11-JAN-2002,2,2,21.5,31-JAN-2004
Reading Knowledge,801.95,"Payne, Michael",7226073065,y,,1,1,,24-JUN-2011
Reading Popular Narrative: A Source Book,820.9,"Ashely, Bob (ed.)",7043920354,y,17-DEC-2002,2,2,5.99,05-MAR-2011
Reading Television,302.23,"Fiske, John, and Hartley, John",0161194191,y,14-AUG-1998,2,2,12.49,02-SEP-2000
Reading the Landscape,930.1,"Muir, Richard",3861240048,y,,2,2,,02-AUG-2015
"Real Life of Sebastian Knight,The",823,"Nabokov, Vladimir",8701484040,y,01-APR-1988,2,1,4.99,31-OCT-1997
Real Time World,823,"Priest, Christopher",2813392665,n,01-JAN-1983,0,10,2.99,16-MAY-2017
Realism and Tinsel,791.43,"Murphy, Robert",2244242296,n,07-APR-2000,0,1,5.99,16-MAY-2017
Reality: A Very Short Introduction,100,"Westerhoff, Jan",9180602640,y,,2,4,,24-JUN-2011
Red Mars,823,"Robinson, Kim Stanley",2118852298,y,01-JUN-1995,4,2,17.99,30-DEC-2004
"Red Road, The",823,"Mina, Denise",0233910242,y,,2,12,,21-JAN-2008
Red Shift,823,"Garner, Alan",6204332237,y,01-JAN-1976,4,2,2.99,01-AUG-1985
Reformation to Industrial Revolution,909.7,"Hill, Christopher",0949218907,y,19-JAN-1997,1,2,5.99,20-AUG-2006
Reframing,158,"Bandler, R and John Grinder",4941390462,y,01-FEB-1994,2,4,17.99,06-DEC-2000
Relativity for the Layman,530,"Coleman, James A",2152137538,y,01-SEP-1982,1,1,4.99,01-APR-1992
Reliable Knowledge,501,"Ziman, John",6361145250,y,,1,1,,20-MAR-2014
Religion Explained,200.1,"Boyer, Pascal",3725775626,y,01-NOV-2003,2,1,12.49,01-JUN-2013
Religion and the Decline of Magic,201,"Thomas, Keith",476888548X,y,02-DEC-1998,2,2,5.99,18-FEB-2007
Religion and the Rise of Capitalism,900,"Tawney, R H",2350344510,y,,2,0,,16-MAY-2007
"Religion, Values and Peak Experience",153,"Maslow, Abraham H",4809682260,y,21-DEC-1998,2,4,12.49,25-OCT-2005
"Remains of the Day, The",823,"Ishiguro, Kazuo",5630495933,y,12-JUL-1997,2,4,12.49,02-JAN-2003
"Reprieve, The",823,"Sartre, John Paul",2950404213,y,01-APR-1978,4,1,1.5,18-JUN-1986
Resolution,823,"Mina, Denise",5656562557,y,16-MAY-2004,1,10,17.99,05-JUN-2006
"Restaurant at the End of the Universe, The",823,"Adams, Douglas",1372788251,n,01-JAN-1981,0,12,4.99,16-MAY-2017
Restless Earth,550,"Calder, Ritchie",3183588392,y,18-SEP-1996,2,2,7.99,05-DEC-2004
"Return of the Native, The",823,"Hardy, Thomas",5141228668,y,01-JUN-1984,2,1,2.99,31-DEC-1993
Revelations,1.9,"Vallee, Jacques",957118621X,n,15-APR-1997,0,4,12.49,16-MAY-2017
Riddley Walker,823,"Hoban, Russel",8948667501,y,01-MAY-1984,5,10,4.99,22-OCT-1989
Riders of the Purple Sage,823,"Grey, Zane",6705217760,y,24-MAR-1996,4,1,5.99,10-JUN-2004
"Right Stuff, The",500,"Wolfe, Tom",7882652370,y,12-OCT-1988,1,2,4.5,04-APR-1994
"Righteous Mind, The",302,"Haidt, Jonathan",978-8651543841,y,24-APR-2014,2,1,7.99,15-MAY-2018
Rightful Place of Science,500,"Pielke jr, Roger",6015044309,y,,1,0,,24-JUN-2011
Ringworld,823,"Niven, Larry",6216997405,y,01-APR-1993,3,10,5.99,18-JUN-2001
"Rise and Fall of Modern Medicine, The",610.9,"le Fanu, James",8647413649,y,23-MAR-1998,1,2,5.99,22-OCT-2007
"Rise and Fall of the Third Chimpanzee, The",909,"Diamond, Jared",5720319425,y,11-NOV-1998,1,1,5.99,28-JAN-2007
"Rise of Respectable Society, The",900,"Thompson, F M L",6460580256,n,13-AUG-1999,0,1,12.49,16-MAY-2017
Risk,306,"Gardner, Dan",4422691266,y,01-APR-1995,2,2,7.99,30-OCT-2004
Risk Society,306,"Beck, Ulrich",9069507634,y,25-MAY-2001,2,4,5.99,11-AUG-2009
Risk and Culture,306,"Douglas, Mary and Aaron Wildavsky",4723566014,y,12-JUL-2002,1,2,17.99,28-SEP-2010
Risk: A Very Short Introduction,306,"Fischhoff, Baruch and John Kadvany",978-1708687838,y,21-JUL-2014,1,1,5.99,15-MAY-2018
River Out of Eden,500,"Dawkins, Richard",2557459745,y,11-JUN-2003,2,2,7.99,30-JUN-2005
"Road to Wigan Pier, The",300,"Orwell, George",7969407429,n,30-MAR-1998,0,4,12.49,16-MAY-2017
"Road, The",823,"McCarthy, Cormac",978-4874591005,y,24-OCT-2013,4,1,5.99,15-MAY-2018
Roadmarks,823,"Zelazny, Roger",662280658X,y,12-DEC-1998,1,1,5.99,28-FEB-2007
Roads and Tracks of Britain,900,"Taylor, Christopher",1492794227,n,09-JAN-1998,0,1,7.99,16-MAY-2017
Rocking the Classics,781.5,"Macan, Edward",2382579982,y,14-AUG-1998,1,4,5.99,14-MAR-2008
Rogue Male,823,"Household, Geoffrey",079657698X,y,01-DEC-1993,5,10,5.99,02-JUL-2003
Romantic Image,306,"Kermode, Frank",978-6597255686,y,03-DEC-2007,1,2,5.99,25-MAY-2013
"Romantic Movement, The",900,"Cranston, Maurice",4960998131,y,08-JUL-2001,1,2,12.49,24-SEP-2009
"Romantics, The",900,"Thompson, E P",0259001549,y,,1,1,,20-MAR-2014
"Romeo Error, The",500,"Watson, Lyall",963164526X,y,01-DEC-1976,1,2,0.99,06-OCT-1983
Room Temperature,823,"Baker, Nicholson",860117660X,y,31-DEC-2001,2,4,5.99,04-NOV-2008
Room at the Top,823,"Braine, John",5200019500,y,01-SEP-1981,4,1,1.99,02-APR-1991
"Room with a View, A",823,"Forster, E M",0141199822,y,22-APR-1992,4,1,5.99,25-FEB-1999
"Roots of Coincidence, The",500,"Koestler, Arthur",6319068184,n,01-MAR-1980,0,1,5.49,16-MAY-2017
"Roots of Romanticism, The",100,"Berlin, Isaiah",9177305041,y,13-DEC-2001,2,0,12.49,08-SEP-2004
"Roots of Witchcraft, The",133.4,"Harrison, Michael",6059064910,n,01-JUL-1978,0,4,0.99,16-MAY-2017
Rosemary's Baby,823,"Levin, Ira",9250237979,n,01-DEC-1987,0,12,4.5,16-MAY-2017
Rosencratz and Guildenstern are Dead,822,"Stoppard, Tom",9772761720,n,01-FEB-1978,0,4,2.99,16-MAY-2017
"Rosicrucian Enlightenment, The",135.43,"Yates, Frances A",4028829603,y,08-MAR-2001,1,2,5.99,29-AUG-2006
"Rotters' Club, The",823,"Coe, Jonathan",5233984913,y,16-OCT-2002,1,12,7.99,02-JAN-2011
"Rottweiler, The",823,"Rendell, Ruth",978-5705189410,y,27-DEC-2006,5,10,17.99,15-MAR-2015
Round in Circles,500,"Schnabel, Jim",5785745143,y,01-NOV-1994,2,4,5.99,18-JAN-2003
"Ruin of Kasch, The",823,"Calasso, Roberto",1101743305,y,12-APR-2002,2,1,5.99,11-NOV-2011
"Rumour of Angels, A",300,"Berger, Peter L",1291431366,y,06-JUN-1997,2,0,21.5,05-JAN-2007
"Rumour, The: A Cultural History",306,"Neubauer, Hans-Joachim",5812783933,y,29-NOV-2000,2,0,17.99,04-OCT-2007
Rumours Exposed: The Unauthorized Biography of Fleetwood Mac,780.92,"Furman, Leah",978-0782279428,y,30-APR-2012,2,0,5.99,12-SEP-2013
"Runaway Brain, The",500,"Wills, Christopher",8299107271,y,24-JAN-1999,1,1,5.99,12-APR-2007
Rural Life in Wessex 1500-1900,307.72,"Bettey, J H",7338850106,n,18-MAR-1998,0,0,17.99,16-MAY-2017
SF Impulse nnn,823,Various,978-0267978236,n,02-OCT-2009,0,12,5.99,16-MAY-2017
SF:UK,823.9,"O'Brien, Daniel",5141197217,y,28-APR-2004,1,1,5.99,27-NOV-2013
Sacred Narrative: Readings in the Theory of Myth,290,"Dundes, Alan (ed.)",8784889099,y,03-FEB-1998,2,4,12.49,08-DEC-2004
"Saint Zita Society, The",823,"Rendell, Ruth",0052120877,y,,1,1,,05-NOV-2012
Sanctum,823,"Mina, Denise",1268961430,y,05-MAY-2003,5,1,5.99,25-OCT-2008
Sand Blind,823,"Rathbone, Julian",1375108199,y,04-DEC-2003,2,1,17.99,23-DEC-2005
"Sands of Mars, The",823,"Clarke, Arthur C",978-3085163987,y,29-OCT-2007,3,10,12.49,17-NOV-2009
"Sane Alternative, The",306.2,"Robertson, James",9972623307,y,,2,2,,20-MAR-2014
"Santaroga Barrier, The",823,"Herbert, Frank",334169549X,y,01-JAN-1976,3,12,1.99,23-JUN-1981
"Satanic Mass, The",133.4,"Rhodes, H T F",1797975396,n,01-MAR-1977,0,2,0.99,16-MAY-2017
Saturday,823,"McEwan, Ian",978-4376371035,y,22-APR-2006,1,1,5.99,24-FEB-2013
Saussure,410,"Culler, Jonathon",2468355895,y,24-AUG-1998,2,2,5.99,10-NOV-2006
Saxtons' 16th Century Maps,912,"Saxton, Christopher and  William Ravenhill",4322831176,y,,1,4,,20-MAR-2014
"Scanner Darkly, A",823,"Dick, Philip K",1872958118,y,01-DEC-1987,1,1,4.5,05-OCT-1994
Scenes from a Revolution: The Birth of the New Hollywood,791.43,"Harris, Mark",978-367997621X,y,25-FEB-2015,2,0,5.99,15-MAY-2018
"Schoolgirl Murder Case, The",823,"Wilson, Colin",978-2314293279,y,22-MAY-2007,1,2,12.49,26-MAR-2014
Schrodinger's Cat: The Homing Pigeons,823,"Wilson, Robert Anton",7996394121,n,01-SEP-1982,0,1,1.99,16-MAY-2017
Schrodinger's Cat: The Trick Top Hat,823,"Wilson, Robert Anton",1104880926,n,01-AUG-1982,0,10,4.5,16-MAY-2017
Schrodinger's Cat: The Universe Next Door,823,"Wilson, Robert Anton",1573933983,n,01-MAY-1982,0,10,5.49,16-MAY-2017
Science,306.4,"Fuller, Steve",2966915356,y,16-SEP-2002,2,2,5.99,25-DEC-2002
Science Fiction as Religion,808.3,"Gooch, Stan and Christopher Evans",978-8911520070,y,20-OCT-2013,2,4,7.99,15-MAY-2018
Science Today: Problem or Crisis,500,"Levinson, Ralph and Jeff Thomas",0677989154,y,04-FEB-2002,2,2,17.99,05-SEP-2011
Science and Commonsense,500,"Commoner, Barry",8226525010,y,01-MAY-1980,1,1,4.5,06-MAR-1987
Science and Human Values,501,"Bronowski, J",8607377302,y,22-JAN-2002,2,2,5.99,23-AUG-2011
Science and Philosophy Past and Present,501,"Gjertsen, Derek",857989039X,y,01-MAY-1995,1,2,17.99,29-NOV-2004
Science and Society,300,"Rose, Steven and Rose, Hilary",8747636577,n,01-APR-1979,0,1,2.99,16-MAY-2017
Science and the Modern World,501,"Whitehead, A N",7136572458,y,02-FEB-1985,1,4,5.49,03-SEP-1994
Science and the Retreat from Reason,501,"Gillot, John and Manjit Kumar",1442047223,y,31-MAR-2003,1,4,5.99,17-JUN-2011
Science in Public,501.4,"Gregory, Jane, and Steve Miller",5569864924,y,15-FEB-1996,1,1,21.5,15-SEP-2005
"Science, Mind and Cosmos",520,"Brockman, John (ed.)",6747419292,y,28-MAY-1996,1,2,17.99,27-DEC-2005
"Science, Money and Politics",338.97306,"Greenberg, Daniel S",7703080204,y,10-JAN-1996,2,0,5.99,10-AUG-2005
Science: A Four Thousand Year History,600.09,Fara. Patricia,5167791147,y,01-MAR-1994,2,4,17.99,18-MAY-2002
"Science: Good, Bad and Bogus",500,"Gardner, Martin",1293842574,y,20-MAY-2002,2,1,21.5,02-OCT-2003
"Scientific Attitude, The",501,"Waddington, C H",6556375956,y,15-MAY-2001,2,1,21.5,01-AUG-2009
Scientific Blunders,500,"Youngson, Robert",1266095015,y,17-JAN-2002,2,4,12.49,21-NOV-2008
Scientific Controversies,600.9,"Tristram Englehardt, H and Caplan, Arthur L",9390084920,y,,2,2,,02-AUG-2015
Scientific Feuds,500,"Levy, Joel",0283079143,y,14-MAY-1998,1,4,17.99,04-NOV-2003
Scientific Knowledge,306.4,"Barnes, et al",983810667X,y,13-MAR-2001,1,2,5.99,30-MAY-2009
Scientific Romance in Britain,809.3,"Stableford, Brian",115682005X,y,12-FEB-1985,1,1,4.99,18-DEC-1991
Scientific and Technical Communication,501.4,"Collier, James H., and David M. Toomey, (eds.)",7323073324,y,26-APR-2003,2,2,5.99,13-JUL-2011
"Scold's Bridle, The",823,"Walters, Minette",3560704521,n,26-APR-2004,0,1,5.99,16-MAY-2017
Scoop,823,"Waugh, Evelyn",6198772125,y,,5,10,,05-NOV-2012
Sea Horse in the Sky,823,"Cooper, Edmund",7039285413,n,01-OCT-1980,0,12,2.99,16-MAY-2017
"Sea and Summer, The",823,"Turner, George",8066220352,y,01-JUL-1989,1,4,1.99,30-JAN-1999
Seafaring and Civilization,909,"de Souza, Philip",2594335388,y,17-DEC-2003,2,4,21.5,05-JAN-2006
Searching for Certainty,500,"Casti, John L",9645894323,y,01-SEP-1993,2,1,17.99,18-NOV-2001
"Second Angel, The",823,"Kerr, Philip",5724567415,n,30-NOV-1999,0,12,17.99,16-MAY-2017
Second Foundation,823,"Asimov, Isaac",5819413427,n,06-JAN-1978,0,10,0.99,16-MAY-2017
"Secret Agent, The",823,"Conrad, Joseph",978-0048139500,y,11-DEC-2015,3,10,21.5,15-MAY-2018
"Secret Diary of Adrian Mole, The",823,"Townsend, Sue",7363919368,n,01-APR-1984,0,1,4.99,16-MAY-2017
"Secret History, The",823,"Tartt, Donna",978-9192879074,y,09-MAR-2006,1,4,5.99,26-MAY-2014
"Secret House of Death, The",823,"Rendell, Ruth",4892411397,y,30-JUL-2004,3,10,12.49,04-JUN-2011
"Secret Language: Codes, Tricks, Spies, Thieves and Symbols",417,"Blake, Barry J",978-9823567006,y,17-JAN-2014,1,4,5.99,01-JUN-2015
"Secret Pilgrim, The",823,"Le Carre, John",978-7471206737,y,05-AUG-2007,2,1,17.99,22-OCT-2015
Secret Societies,366.09,"Barrett, David V",5648314373,y,13-MAR-2001,1,1,12.49,30-MAY-2009
"Secularization of the European Mind in the 19th Century, The",900,"Chadwick, Owen",7535894600,y,26-AUG-1999,1,2,12.49,12-NOV-2007
"Seeds of Earth, The",823,"Silverberg, Robert",3648295642,n,01-SEP-1983,0,4,4.99,16-MAY-2017
Seeking Sanctuary,823,"Fyfield, Frances",978-2637109688,y,02-OCT-2006,3,2,5.99,19-DEC-2014
"Self-Sufficient House, The",600,"Vale, Brenda",2308642423,n,,0,4,,16-MAY-2017
"Selfish Gene, The",575.1,"Dawkins, Richard",5039714335,y,01-AUG-1988,2,4,4.99,22-JAN-1994
"Selfishness, Greed and Capitalism",330.1,"Snowden, Christopher",978-8826583288,y,24-FEB-2016,1,0,5.99,15-MAY-2018
Selling Science,501.4,"Nelkin, Dorothy",1614569543,y,08-JUN-2002,1,2,12.49,07-JAN-2012
Sense and Sensibility,823,"Austen, Jane",0496517201,y,01-DEC-1986,2,10,2.99,23-MAY-1992
"Separate Reality, A",133,"Castaneda, Carlos",8487959783,y,01-JUL-1982,2,0,1.99,17-SEP-1990
Servants of Nature,600.09,"Pyenson, Lewis and Susan Sheets-Pyenson",5597012190,y,,2,0,,02-AUG-2015
"Seven Sisters, The",338.39,"Sampson, Anthony",875829217X,n,01-SEP-1990,0,2,5.99,16-MAY-2017
"Seven, the Number of Creation",133,"Varley, Desmond",3577826281,n,01-DEC-1992,0,4,21.5,16-MAY-2017
"Seventies, The",306,"Booker, Christopher",1148274849,y,18-AUG-2000,2,4,5.99,04-NOV-2008
Sexus,823,"Miller, Henry",963736798X,y,01-MAY-1983,3,1,2.99,21-OCT-1988
Seymour - An Introduction,808.3,"Salinger, J D",7807336048,y,01-AUG-1986,2,4,5.49,01-MAR-1996
"Shadow of the Torturer, The",823,"Wolfe, Gene",1149366252,y,01-NOV-1988,1,1,4.99,18-JAN-1997
Shadows of Forgotten Ancestors,500,"Sagan, Carl, and Druryan, Anne",2093946790,y,,1,1,,24-JUN-2011
"Shallows, The",306,"Carr, Nicholas",4446416886,y,24-MAY-2002,2,4,21.5,28-MAR-2009
Shape of Snakes,823,"Walters, Minette",978-0482310551,y,29-OCT-2006,1,10,7.99,15-JAN-2015
"Shape of Things to Come, The",823,"Wells, H G",978-5211388974,y,03-DEC-2007,1,10,17.99,07-OCT-2014
"Sheep Look Up, The",823,"Brunner, John",7804890293,y,01-OCT-1978,1,4,0.99,18-DEC-1986
Shirley,823,"Bronte, Charlotte",3132020539,y,13-DEC-2001,1,1,17.99,14-JUL-2011
"Shores of Death, The",823,"Moorcock, Michael",2449392496,y,01-APR-1982,1,10,1.99,31-OCT-1991
"Short History of Progress, A",900,"Wright, Ronald",9538569134,y,,1,1,,02-AUG-2015
Short History of Sociological Thought,301,"Swingewood, Alan",6438313158,y,,1,1,,20-MAR-2014
Short SF Novels,823,Various,9776560501,y,,3,1,,20-MAR-2014
"Shorter History of Science, A",500.9,"Dampier, C",7087072668,n,01-JUL-1981,0,2,4.99,16-MAY-2017
Siddharta,823,"Hesse, Herman",1188301030,y,01-AUG-1992,3,12,12.49,02-MAR-2002
Sideshow,823,"Tepper, Sheri S.",978-8536689621,y,22-SEP-2006,3,10,7.99,09-DEC-2014
Sight Unseen,823,"Goddard, Robert",978-7088720280,n,02-SEP-2006,0,4,5.99,16-MAY-2017
"Sight for Sore Eyes, A",823,"Rendell, Ruth",7095846761,y,01-FEB-2001,4,10,5.99,02-SEP-2010
"Silence of the Lambs, The",823,"Harris, Thomas",9764484912,n,01-MAY-1993,0,12,12.49,16-MAY-2017
Silk,823,"Braccio, Alessandro",6397323104,y,31-OCT-2001,1,4,7.99,01-JUN-2011
"Singular Man, A",823,"Donleavy, J P",2742819280,n,01-JAN-1983,0,1,1.99,16-MAY-2017
"Sirens of Titan, The",823,"Vonnegut, Kurt",406421968X,y,01-OCT-1977,1,12,0.99,05-AUG-1984
"Sirius Mystery, The",1.9,"Temple, Robert K G",0729712542,y,20-APR-1996,2,4,5.99,23-FEB-2003
Six Degrees: The Science of a Connected Age,500,"Watts, Duncan J",978-6621089171,y,04-NOV-2006,2,2,7.99,13-DEC-2010
"Sixties, The",909.82,"Marwick, Arthur",528733052X,y,21-DEC-1998,2,4,7.99,09-MAR-2007
"Skeptical Environmentalist, The",500,"Lomberg, Bjorn",0841132305,y,17-JUN-1998,1,4,5.99,03-SEP-2006
Slan,823,"Van Vogt, A E",6853959885,n,01-OCT-1986,0,1,4.99,16-MAY-2017
Slaughterhouse 5,823,"Vonnegut, Kurt",1280846578,y,23-OCT-1985,1,12,1.99,27-AUG-1992
Sleep Has His House,823,"Kavan, Anna",3243300940,y,01-JAN-1985,1,12,1.99,24-JUN-1990
"Sleepwalkers, The",520.9,"Koestler, Arthur",4827625102,y,01-DEC-1981,2,2,2.99,02-JUL-1991
Slice of Life: The British Way of Eating Since 1945,306,"Hardyment, Christina",2073080140,y,20-AUG-1996,2,2,7.99,17-MAY-1999
Slouching Towards Bethlehem,814,"Didion, Joan",9394763927,n,04-APR-1986,0,4,1.99,16-MAY-2017
Small Books and Pleasant Histories,900,"Spufford, Margaret",8817404499,y,,1,2,,20-MAR-2014
"Small Screens, Big Ideas",791.49,"Thumim, Janet (ed.)",5955352935,y,,1,4,,21-JAN-2008
Small is Beautiful,337,"Schumacher, E F",2640884338,n,19-NOV-1997,0,1,5.99,16-MAY-2017
So Long and Thanks for All the Fish,823,"Adams, Douglas",6854263422,n,01-JUL-1986,0,1,2.99,16-MAY-2017
"Social Construction of Reality, The",300,"Berger, Peter and Thomas Luckmann",1856218289,y,08-JUL-2001,2,2,5.99,29-DEC-2006
"Social Contract, The",320.1,"Rousseau, Jean-Jacques",978-8644563332,y,31-DEC-2015,2,1,17.99,15-MAY-2018
"Social History of England, A",942,"Briggs, Asa",6828303494,y,24-NOV-2001,1,4,5.99,28-SEP-2008
Socialism: A Very Short Introduction,321,"Newman, Michael",9045670186,y,,1,1,,02-AUG-2015
Sociolinguistics:: An Introduction to Language and Society,306.44,"Trudgill, Peter",5127507660,y,26-NOV-1996,1,0,12.49,12-FEB-2005
Sociology for Beginners,301,"Osborne, Richard, and Van Loon, Borin",7621740530,n,04-JUL-1997,0,2,17.99,16-MAY-2017
Sociology of Science,306.4,"Barnes, Barry (Ed)",5641697336,y,08-MAR-2001,2,1,5.99,29-AUG-2006
Sociology: A Very Short Introduction,301,"Bruce, Steve",4057463065,y,22-FEB-2001,2,2,12.49,23-SEP-2010
Solar,823,"McEwan, Ian",4854535588,y,20-MAR-1999,4,10,12.49,06-JUN-2007
Solar Lottery,823,"Dick, Philip K",0323443529,y,01-JAN-1984,1,4,4.5,01-AUG-1993
Something Happened,823,"Heller, Joseph",4355358651,n,01-OCT-1988,0,10,1.99,16-MAY-2017
Sometimes a Great Notion,823,"Kesey, Ken",9676986271,n,01-AUG-1977,0,1,3.5,16-MAY-2017
"Song of Kali, The",823,"Simmons, Dan",5860874558,n,01-JUN-1993,0,10,5.99,16-MAY-2017
"Song of Stone, A",823,"Banks, Iain",978-0473041819,y,18-JAN-2007,1,2,21.5,06-APR-2015
"Song of Summer, The",823,"Silverberg, Robert",978-3613792674,y,03-JUN-2015,2,12,21.5,15-MAY-2018
Sonny's Blues,808.3,"Baldwin, James",978-188011624X,y,03-DEC-2007,1,0,21.5,25-MAY-2013
Sons and Lovers,823,"Lawrence, D H",539722566X,y,01-MAR-1978,1,1,2.99,09-APR-1982
Sophie's World,823,"Gaarder, Jostein",3053835413,n,16-NOV-1999,0,12,17.99,16-MAY-2017
Soul Searching,500,"Humphrey, Nicholas",0859304504,y,25-AUG-2005,1,1,7.99,14-SEP-2007
"Soul of a New Machine, The",500,"Kidder, Tracey",6639836718,y,01-APR-1986,1,4,5.49,07-DEC-1986
South Sea Stories,808.3,"Maugham, W Somerset",5465289003,y,25-JAN-1999,2,1,17.99,13-APR-2007
Sowers of Thunder,390,"Roberts, Anthony",5087317748,n,01-NOV-1982,0,4,4.5,16-MAY-2017
"Space Gods Revealed, The",500,"Storey, Ronald",9992712997,y,01-DEC-1994,1,1,17.99,17-FEB-2003
Space Vampires,823,"Wilson, Colin",2447740339,y,01-OCT-1989,1,2,1.99,18-DEC-1997
Space-time Transients and Unusual Events,1.9,"Persinger, Micheal A and LaFreniere, Gyslaine F",149956296X,y,23-MAY-1996,1,1,17.99,09-AUG-2004
"Space: In Science, Art and Society",306,"Penz, Francoise, Gregory Radick and Robert Howell (eds)",3941266222,y,,2,2,,02-AUG-2015
Speaking Science Fiction,809.3,"Sawyer, Andy and David Seed (ed)",7714197071,y,,2,1,,20-MAR-2014
Speaking to Each Other: About Society,306,"Hoggart, Richard",1491197735,n,20-MAY-1998,0,1,5.99,16-MAY-2017
Spies,823,"Frayn, Michael",4856052638,y,01-NOV-1994,4,1,5.99,18-JAN-2003
"Spire, The",823,"Golding, William",4662863866,y,01-JAN-1976,4,10,3.5,01-AUG-1985
Spirits of Place,306,"Brown, Jane",978-2108845102,y,01-JUN-2009,2,2,12.49,18-AUG-2017
Spooks: The Unofficial History of Mi5 from the First Atom Spy to 7/7,353.1,"Hennessey, Thomas and Claire Thomas",978-8134673251,y,19-AUG-2014,1,2,7.99,15-MAY-2018
"Spy Who Came in the Cold, The",823,"Le Carre, John",3498317065,y,01-JUL-1987,4,10,4.99,17-SEP-1995
"Stages of Economic Growth, The",330,"Rostow, W W",1895581447,y,01-APR-1992,2,1,12.49,22-SEP-1997
Stand on Zanzibar,823,"Brunner, John",4252882495,y,12-FEB-1976,1,12,2.99,30-APR-1984
Stanley Kubrick Directs,791.43,"Walker, Alexander",6228865528,y,10-JUN-2001,1,2,5.99,23-OCT-2002
Star Rider,823,"Piserchia, Doris",0980246715,y,03-JAN-1986,4,2,4.5,22-MAR-1994
"Star-Spangled Nightmare,The",823,"Spinrad, Norman",9324762234,y,,5,1,,05-NOV-2012
Stark,823,"Elton, Ben",2029723517,n,01-MAY-1993,0,1,12.49,16-MAY-2017
Starship Troopers,823,"Heinlein, Robert",2425163022,n,01-JAN-1976,0,1,2.99,16-MAY-2017
"Started Early, Took my Dog",823,"Atkinson, Kate",978-6820886958,y,27-JAN-2015,1,2,12.49,15-MAY-2018
State of Emergency: The Way We Were - Britain 1970-1974,942.08,"Sandbrook, Dominic",652115300X,y,,1,2,,16-MAY-2007
State of Fear,823,"Crichton, Michael",978-7453838390,y,17-MAY-2006,4,10,21.5,25-JUN-2010
Station X,600.9,"Smith, Michael",1585530965,y,15-FEB-2000,1,2,5.99,20-DEC-2006
Statistics: A Very Short Introduction,519,"Hand, David J",5951242426,y,12-JUN-1996,2,4,12.49,03-DEC-2001
"Status Civilisation, The",823,"Scheckley, Robert",2666698132,y,30-OCT-1996,5,4,17.99,31-MAY-2006
"Steep Approach to Garbadale, The",823,"Banks, Iain",9600782208,y,06-JAN-2001,2,12,7.99,25-MAR-2009
Steppenwolf,823,"Hesse, Herman",8766332077,y,01-APR-1979,1,10,0.99,30-OCT-1988
"Stirk of Stirk, The",823,"Tinniswood, Peter",2924732954,n,01-JUL-1982,0,1,1.99,16-MAY-2017
Stochastic Man,823,"Silverberg, Robert",0940896129,y,01-NOV-1986,4,10,1.99,23-APR-1992
"Stone God Awakens, The",823,"Farmer, Philip Jose",1083749608,n,01-JAN-1977,0,10,0.99,16-MAY-2017
Stormbringer,823,"Moorcock, Michael",183343160X,n,01-JAN-1976,0,1,1.5,16-MAY-2017
Storms: My Life with Lindsay Buckingham,780.92,"Harris, Carol Anne",978-0677436455,y,08-MAY-2012,2,4,21.5,16-JUN-2016
"Story of English, The",420.9,Various,6227956897,y,01-APR-1989,1,4,4.99,31-OCT-1998
Strange Creations,390,"Kossy, Donna",8430554102,y,08-JUL-2004,1,2,17.99,15-MAR-2005
Strange Powers,133.8,"Wilson, Colin",1992237872,n,01-OCT-1993,0,2,12.49,16-MAY-2017
Strange Story of the Quantum,500,"Hoffman, Banesh",1627643943,y,19-MAR-1997,1,4,17.99,09-SEP-2002
Strange and Secret Peoples,390,"Silver, Carole G",978-7524899853,y,05-FEB-2006,1,2,5.99,06-SEP-2015
"Strange, Familiar and the Forgotten, The",153,"Rosenfield, Israel",7489481642,y,30-DEC-1997,2,2,5.99,03-NOV-2004
Strangely Strange But Oddly Normal,824,"Roberts, Andy",806991908X,y,,2,4,,16-MAY-2007
Stranger in a Strange Land,823,"Heinlein, Robert",315260247X,y,01-JAN-1976,1,12,0.99,01-AUG-1985
Structuralism,801,"Sturrock, John",3954434676,y,18-JUN-1997,1,4,5.99,09-DEC-2002
Stuart Hall: Critical Dialogues in Cultural Studies,306,"Morley, David and Chen, Kuan-Hsing (Eds.)",768525804X,y,,2,1,,05-NOV-2012
Studies in Occultism,133.4,"Blavatsky, H P",7531796241,n,01-MAR-1978,0,1,0.99,16-MAY-2017
Suckers: How Alternative Medicine Makes Fools of us All,500,"Shapiro, Rose",7967908987,y,,2,2,,02-AUG-2015
"Supernatural & English Fiction, The",809.3,"Cavaliero, Glen",1897135639,y,12-JUL-2002,2,1,5.99,16-MAY-2009
Supernatural Tales,823,"Lee, Vernon",1967233313,y,18-APR-1998,3,4,5.99,05-JUL-2006
Supernature,500,"Watson, Lyall",3430777543,y,01-JAN-1976,2,2,0.99,23-JUN-1981
Superstrings and the Search for a Theory of Everything,500,"Peat, F David",576706384X,y,01-AUG-1994,1,1,17.99,05-JUN-2001
Surface Detail,823,"Banks, Iain M",6469050975,y,02-FEB-2001,3,1,17.99,21-APR-2009
Surrealism,709,"Schneede, Uwe M",6856150598,y,,1,2,,24-JUN-2011
Sway,823,"Lazar, Zachary",9938085037,y,25-FEB-1998,4,4,5.99,14-MAY-2006
Swearing,410,"Hughes, Geoffrey",1876006202,y,05-JUN-2000,1,2,5.99,04-JAN-2010
Sweet Tooth,823,"McEwan, Ian",978-611811591X,y,21-APR-2014,3,10,5.99,15-MAY-2018
Sword of the Lictor,823,"Wolfe, Gene",8408820023,y,,5,10,,02-AUG-2015
"Symbolic Species, The",150,"Deacon, Terrence",7444006264,y,06-JUL-2003,1,1,5.99,10-MAY-2010
Symmetry in Chaos,510,"Field, Michael, and",0031416025,y,01-MAY-1994,2,4,12.49,30-NOV-2003
Syzygy,823,"Coney, Michael",7793394196,n,01-MAY-1979,0,2,0.99,16-MAY-2017
T S Eliot,809.1,"Spender, Stephen",0554000498,y,,2,4,,24-JUN-2011
T S Eliot: The Wasteland,809.3,"Coote, Stephen",8126989020,y,17-NOV-2000,1,4,5.99,07-DEC-2002
"Talented Mr Ripley, The",823,"Highsmith, Patricia",978-8493848508,y,20-OCT-2015,3,1,5.99,15-MAY-2018
Talking to Strange Men,823,"Rendell, Ruth",4618978721,y,01-NOV-1992,3,12,21.5,18-JAN-2001
Taming the Atom,530,"Bayer, Hans Christian",3394095778,y,23-MAY-2001,2,4,12.49,09-AUG-2009
"Tao of Physics, The",530,"Capra, Fritjof",6591467646,y,01-JAN-1983,1,1,2.99,20-MAR-1991
"Tao, The: In Search of Immortality",180,"Blofeld, John",1725086491,y,01-MAY-1992,1,2,5.99,21-MAY-1994
"Tarot, The",133.3,"Douglas, A",6743960072,n,01-NOV-2003,0,1,17.99,16-MAY-2017
"Tarot, The",133.3,"Innes, Brian",037554293X,y,04-JUL-1997,1,4,5.99,20-SEP-2005
"Taste of Life, A",823,"Paretsky, Sarah",978-4987059801,y,25-DEC-2015,3,1,7.99,15-MAY-2018
Tau Zero,823,"Anderson, Poul",978-2957958403,y,30-DEC-2015,3,1,17.99,15-MAY-2018
"Tax Inspector, The",823,"Carey, Peter",9868599418,n,01-JAN-1994,0,4,5.99,16-MAY-2017
Teach Yourself Film Studies,791.43,"Buckland, Warren",0986232842,y,21-JAN-2000,2,1,17.99,17-OCT-2002
Teach Yourself Linguistics,407,"Aitchison, Jean",5704295643,y,01-APR-1986,2,2,4.5,18-JUN-1994
Techgnosis,306,"Davis, Erik",6867311824,y,28-MAY-2003,2,4,5.99,17-NOV-2008
"Techniques of Persuasion, The",153.852,"Brown, J A C",9546892345,y,25-DEC-1997,2,1,21.5,13-MAR-2006
Technological Society,600.09,"Ellul, Jacques",6422310619,y,01-JAN-1994,2,2,5.99,02-AUG-2003
Television: Technology and Cultural Form,302.23,"Williams, Raymond",4275654114,y,01-AUG-1980,2,1,2.99,18-OCT-1988
Temple of Death,823,"Benson, A C and R H",4472193599,y,10-JUN-2001,2,4,17.99,18-SEP-2001
Temple of the Stars,1.9,"Le Poer Trench,",2494806127,n,01-JAN-1976,0,4,0.99,16-MAY-2017
"Temple, The: Meeting Place of Heaven and Earth",306,"Lundquist, John M",2348066975,y,02-JUN-2003,1,4,21.5,06-APR-2010
"Tenant of Wildfell Hall, The",823,"Bronte, Anne",5347461559,y,07-DEC-2001,4,1,5.99,11-OCT-2008
Tender is the Night,823,"Fitzgerald, F Scott",978-1802246944,y,03-OCT-2007,4,1,5.99,22-OCT-2009
"Terminal Beach, The",823,"Ballard, J G",976492349X,y,09-SEP-2001,4,1,21.5,14-JUL-2008
Terra Nostra,823,"Fuentes, Carlos",7985014295,n,01-NOV-1982,0,12,2.99,16-MAY-2017
Terrorism: A Very Short Introduction,355.3,"Townshend, Charles",5009761069,y,,2,2,,09-FEB-2010
Tess of the D'Urbervilles,823,"Hardy, Thomas",6643524480,y,08-AUG-1996,2,10,21.5,25-OCT-2004
"Test of Time, A",930.1,"Rohl, David M",7694320291,y,,1,0,,02-AUG-2015
Textual Analysis: A Beginner's Guide,302.23072,"McKee, Alan",9338858667,y,11-JAN-2004,1,1,12.49,03-JUL-2009
That Hideous Strength,823,"Lewis, C S",0890692468,y,15-MAY-1998,2,2,5.99,19-MAR-2005
The Colossus of Maroussi,910.4,"Miller, Henry",1397894291,y,01-NOV-1978,1,0,2.99,18-JAN-1987
The Golem: What Everyone Should Know About Science,501,"Collins, Harry and Pinch, Trevor",4567750583,y,20-MAR-1999,2,2,5.99,06-JUN-2007
Theatres of Memory,901,"Samuel, Raphael",0665027355,y,,1,0,,20-MAR-2014
Theories of Everything,500.1,"Barrow, John D",6599685711,y,01-NOV-1992,2,4,17.99,18-JAN-2001
Theory of Justice,323.4,"Rawls, John",0922256643,n,,0,1,,16-MAY-2017
"Theory of the Leisure Class, The",300,"Veblen, Thorstein",6719748223,y,,2,2,,02-AUG-2015
"Thief, The",823,"Rendell, Ruth",978-4806476987,y,28-DEC-2013,5,2,5.99,15-MAY-2018
Thinking About Social Thinking,300.1,"Flew, Anthony",370262039X,n,12-FEB-1999,0,0,17.99,16-MAY-2017
"Third Culture, The: Beyond the Scientific Revolution",500,"Brockman, John (ed.)",590550204X,y,18-JUL-1997,1,1,17.99,22-MAY-2004
"Third Policeman, The",823,"O'Brien, Flann",0436014394,n,01-DEC-1987,0,1,4.5,16-MAY-2017
"Third Wave, The",300,"Toffler, Alvin",6910840020,y,01-MAY-1990,1,2,5.99,09-AUG-1990
Thirteen Steps Down,823,"Rendell, Ruth",978-7566426484,y,12-AUG-2007,5,4,5.99,29-OCT-2015
Thirteen Ways of Looking at the Novel,306,"Smiley, Jane",1400033187,y,12-APR-2007,2,1,21.5,29-JUN-2015
Thorns,823,"Silverberg, Robert",8354550837,y,01-AUG-1982,3,2,1.99,05-JUN-1989
Thought Contagion: How Belief Spreads Through Society - The New Science of Memes,500,"Lynch, Aaron",2917227402,n,05-DEC-2001,0,1,5.99,16-MAY-2017
"Three Minute Meditator, The",155.2,"Harp, David",7632925044,y,08-SEP-1996,2,0,5.99,25-NOV-2004
"Three Musketeers, The",823,"Dumas, Alexandre",6893443375,y,18-NOV-2003,2,1,7.99,27-DEC-2007
Three Scientists and Their Gods,500,"Wright, Robert",4858898667,y,01-MAY-1995,1,2,17.99,09-AUG-1995
"Three Stigmata of Palmer Eldritch, The",823,"Dick, Philip K",3054475367,y,01-FEB-1993,4,4,17.99,20-APR-2001
"Tide Turner, The",823,"MacAllister, Angela",978-5247579559,y,08-JAN-2010,4,10,21.5,15-MAY-2018
Tigerlily's Orchids,823,"Rendell, Ruth",978-4962784236,y,03-APR-2013,5,2,5.99,15-MAY-2018
Time Detectives,930.1,"Fagan, Brian",8779399758,y,01-MAR-1994,2,2,7.99,20-MAR-1996
Time Enough for Love,823,"Heinlein, Robert",596997489X,n,01-JAN-1976,0,4,1.5,16-MAY-2017
Time Must Have a Stop,823,"Huxley, Aldous",8561359965,y,01-APR-1989,2,12,1.99,18-JUN-1997
Time Out of Joint,823,"Dick, Philip K",5891279418,y,05-JAN-1986,1,4,1.99,09-NOV-1992
Time's Anvil,930.19,"Morris, Richard",1112298919,y,,2,0,,02-AUG-2015
"Time, Love, Memory",152,"Weiner, Jonathon",0475021443,y,,2,0,,05-NOV-2012
Timescape,823,"Benford, Gregory",4658179658,y,02-MAR-2000,4,10,5.99,23-AUG-2005
Timestop!,823,"Farmer, Philip Jose",0754617481,n,01-JAN-1978,0,10,2.99,16-MAY-2017
Timewarps,520,"Gribbin, John",9079259405,n,01-JAN-1992,0,0,17.99,16-MAY-2017
"Tin Drum, The",823,"Grass, Gunter",7382008455,y,01-NOV-1977,4,1,1.99,02-JUN-1987
"Tin Men, The",823,"Frayn, Michael",7347590754,y,28-DEC-1996,1,2,17.99,02-NOV-2003
"Tipping Point, The",300,"Gladwell, Malcolm",1120843287,y,16-OCT-2000,2,1,5.99,02-JAN-2009
Titus Alive,823,"Peake, Mervyn",0109907389,y,11-MAR-1985,1,4,1.99,19-JUN-1985
Titus Groan,823,"Peake, Mervyn",8058135495,n,01-JAN-1984,0,10,1.99,16-MAY-2017
To Live Again,823,"Silverberg, Robert",2048090199,y,01-APR-1982,1,2,1.99,03-FEB-1989
To Save Everything Click Here,306,"Morozov, Edward",1641644822,y,,1,2,,24-JUN-2011
To the Lighthouse,823,"Woolf, Virginia",983433529X,y,,5,4,,20-MAR-2014
To-morrow,823,"Conrad,  Joseph",2893781617,y,05-JAN-2003,1,1,12.49,24-JAN-2005
Too Hot to Handle,306.4,"Close, Frank",4964229783,y,16-OCT-2002,1,1,5.99,02-JAN-2011
Top Girls,822,"Churchill, Caryl",0600705860,y,29-AUG-2002,2,1,5.99,29-MAR-2012
"Torrent of Faces, A",823,"Blish, James and Knight, Damon",775299989X,n,01-SEP-1990,0,2,12.49,16-MAY-2017
Total Man,153,"Gooch, Stan",4208062833,y,01-JUN-1977,1,2,3.5,31-DEC-1986
Towns and Cities,300,"James, Emrys",350134694X,y,01-JUL-1991,2,1,5.99,21-DEC-1996
Tracing the History of Your House,900,"Greysmith, Brenda",6869511985,n,12-JUN-1997,0,1,5.99,16-MAY-2017
"Tracking Truth: Knowledge, Evidence and Science",121,"Roush, Sherrilyn",1990055373,y,,1,2,,20-MAR-2014
"Transformation of Miss Mavis Ming, The",823,"Moorcock, Michael",1672397415,n,01-NOV-1986,0,0,1.99,16-MAY-2017
Transition,823,"Banks, Iain",978-6683441525,y,01-JUL-2011,1,4,5.99,15-MAY-2018
"Transmigration of Timothy Archer, The",823,"Dick, Philip K",4470497181,y,01-MAR-1987,3,10,5.49,03-JAN-1994
"Traps of Time, The",823,"Moorcock, Micheal (ed)",978-515240686X,n,31-MAY-2014,0,4,5.99,16-MAY-2017
"Tree of Hands, The",823,"Rendell, Ruth",978-3367901046,y,29-APR-2014,1,10,12.49,15-MAY-2018
Trees and Woodland in the British Landscape,574.526,"Rackham, Oliver",7828194181,y,12-AUG-2004,2,2,17.99,29-OCT-2012
"Trespasser, The",823,"Lawrence, D H",4221497380,y,01-DEC-1978,5,1,2.99,05-OCT-1985
"Trial, The",823,"Kafka, Franz",1019608123,y,01-JAN-1976,5,1,0.99,19-MAR-1984
"Triple Echo, The",823,"Bates, H E",837479341X,y,25-APR-2001,1,1,7.99,24-NOV-2010
Triumph of the City,306,"Glaeser, Edward",6973771163,y,01-JUN-1995,1,4,7.99,21-NOV-2000
"Triumph of the Embryo, The",500,"Wolpert, Lewis",7811215542,y,01-JUN-1993,2,1,7.99,18-AUG-2001
Tropic of Cancer,823,"Miller, Henry",1094969526,y,01-JUL-1978,5,1,2.99,22-DEC-1983
Tropic of Capricorn,823,"Miller, Henry",3180670460,y,01-MAR-1979,2,1,1.5,13-JUL-1980
"Trouble With Lichen, The",823,"Wyndham, John",516944797X,n,01-AUG-1992,0,12,5.99,16-MAY-2017
"Truth, Meaning and Realism",121,"Grayling, A C",8044637757,y,01-DEC-1995,2,1,12.49,17-FEB-2004
Truth: A History and Guide,800.1,"Fernandez-Armesto, Felipe",1012709816,y,12-SEP-1999,2,1,17.99,29-NOV-2007
Tudor England,942.05,"Bindoff, S T",0055102021,y,07-AUG-2001,2,2,5.99,27-AUG-2003
Turbulent Mirror,510,"Briggs and Peat, F",2370498698,y,01-JUL-1991,1,1,5.99,29-JAN-2001
Turing,190.9,"Hodges, Andrew",3741322609,y,29-AUG-2000,1,1,17.99,18-SEP-2002
Turing's Man,303.4834,"Bolter, J David",5357563121,y,30-AUG-2001,1,1,5.99,31-MAR-2011
"Turning Point, The",820.9,"Bedford, Sybille",3700825271,y,01-MAR-1984,2,2,4.99,22-AUG-1989
"Turning Point, The",500.1,"Capra, Fritjof",7331202965,y,01-SEP-1986,2,2,4.99,01-APR-1996
Twentieth-Century Design,709,"Woodham, Jonathan M",2517851443,y,,2,2,,20-MAR-2014
"Two Cultures, The",306.45,"Snow, C P",0375580038,y,22-AUG-2001,2,2,5.99,08-NOV-2009
Two for Texas,823,"Burke, James Lee",978-6622246404,y,17-JAN-2013,3,1,17.99,15-MAY-2018
"Tyranny of Guilt, The",302,"Bruckner, Pascal",1566977953,y,17-JAN-2002,2,0,17.99,05-APR-2010
UFO Magic in Motion,1.9,"Shuttlewood, Arthur",3111615718,y,01-APR-1994,1,2,5.99,31-OCT-2003
UFO: The Complete Sightings Catalogue,1.9,"Brookesmith, Peter",6697405594,y,20-DEC-2001,1,1,17.99,09-JAN-2004
UFOs - Key to the New Age,1.9,"Shuttlewood, Arthur",820224312X,y,10-JAN-1974,1,1,1.99,11-AUG-1983
UFOs - The Final Answer,1.9,"Barclay, David and",0542295012,y,01-SEP-1994,1,0,17.99,06-JUL-2001
UFOs That Never Were,1.9,"Randles, Jenny, and Andy Roberts and Dave Clarke",1578710960,y,27-NOV-2001,2,1,12.49,01-OCT-2008
UFOs and Their Mission Impossible,1.9,"Wilson, Clifford",4257745307,n,01-DEC-1992,0,0,5.99,16-MAY-2017
UFOs in Space: Anatomy of a Phenomenon,1.9,"Vallee, Jacques",2987258627,y,01-JAN-1976,2,2,0.99,27-SEP-1978
UFOs: The Psychic Solution,1.9,"Vallee, Jacques",8167456709,y,01-JUN-1994,2,0,5.99,25-FEB-1997
Ubik,823,"Dick, Philip K",0243587406,y,01-JUN-1989,5,1,2.99,31-DEC-1998
"Ugly Swans, The",823,"Strugatsky, A and B",8909157747,n,01-SEP-1993,0,2,5.99,16-MAY-2017
Unauthorised Freud: Doubters Confront a Legend,150.9,"Crews, Frederick, (Ed.)",1506857342,y,29-JUL-2003,2,2,12.49,15-OCT-2011
"Unbound Prometheus, The",600.09,"Landes, David S",3997520369,y,05-FEB-1998,1,2,5.99,06-SEP-2007
Uncanny Stories,808.3,"Sinclair, May",978-848080762X,y,23-JUN-2008,1,2,17.99,09-SEP-2016
"Uncertain Sciences, The",300,"Mazlish, Bruce",037247242X,y,31-JAN-1999,1,1,5.99,19-APR-2007
Undecurrents,823,"Fyfield, Frances",978-7837883410,y,08-AUG-2006,4,10,17.99,12-JUN-2013
Under Milk Wood,822,"Thomas, Dylan",0211773915,y,01-JUN-1983,1,2,1.99,05-APR-1990
Under the Greenwood Tree,823,"Hardy, Thomas",978-4210103869,y,15-AUG-2013,3,2,21.5,15-MAY-2018
Under the Volcano,823,"Lowry, Malcolm",8983422988,y,01-APR-1983,1,4,4.5,26-DEC-1985
"Undergrowth of Science, The",500.1,"Gratzer, Walter",1444697954,y,07-NOV-1995,2,2,12.49,24-JAN-2004
Understanding Media,300,"McLuhan, Marshall",4984779397,n,01-NOV-1977,0,1,2.99,16-MAY-2017
Understanding Popular Culture,306,"Fiske, John",3612789141,y,29-JUL-1997,1,2,17.99,27-FEB-2007
Understanding the Present,306,"Appleyard, Brian",3894865333,y,08-AUG-1996,2,2,7.99,25-OCT-2004
"Undiscovered Country, The",1.9,"Jenkins, Stephen",4413781382,y,10-JAN-1996,1,1,5.99,10-AUG-2005
"Union Makes Us Strong, The",300,"Lane, Tony",2226554007,n,01-APR-1981,0,1,1.99,16-MAY-2017
"Universal Computer, The",4.01,"Davis, Martin",0276084384,y,02-JUN-2003,1,2,21.5,10-SEP-2003
"Universal History of Computing, A",500,"Ifrah, Georges",0751970709,y,15-SEP-2005,1,1,7.99,05-OCT-2007
"Universal History of Infamy, A",808.3,"Borges, Jorge Luis",2465414588,y,07-OCT-2001,1,0,17.99,24-DEC-2009
"Universe of Suns, The",500,"Proctor, Richard A",1893165648,y,,2,2,,20-MAR-2014
"Unnatural Nature of Science, The",501,"Wolpert, Lewis",3878402260,y,25-OCT-1998,1,1,21.5,29-AUG-2005
Unweaving the Rainbow,500.1,"Dawkins, Richard",5711554166,y,16-JUN-2003,1,4,5.99,06-DEC-2008
Up at the Villa,823,"Somerset Maugham, W",978-1196257999,y,29-MAR-2014,2,2,5.99,15-MAY-2018
Up the Junction,823,"Dunn, Nell",6882624383,n,01-NOV-1980,0,1,4.5,16-MAY-2017
"Upstart Spring, The",306,"Anderson, Walter Truett",978-596746379X,y,20-JAN-2008,1,2,5.99,24-NOV-2014
"Use and Abuse of History, The: Or How the Past is Taught",901,"Ferro, Marc",1161492877,y,19-MAR-2000,1,0,7.99,05-JUN-2008
Use of Weapons,823,"Banks, Iain M",7526278816,y,20-FEB-2001,2,12,17.99,09-MAY-2009
Useful Toil,305.5,"Burnet, John (ed.)",6854901303,n,04-FEB-2002,0,2,5.99,16-MAY-2017
User's Guide to the Brain,153,"Ratey, John",978-5753768792,y,20-JAN-2006,1,0,5.99,08-APR-2014
"Uses of Literacy, The",809.3,"Hoggart, Richard",9899179446,y,29-MAR-1998,2,4,5.99,28-OCT-2007
Using English,400,"Maybin, J., Mercer, N., Hewings, A., (eds.)",978-5870058558,y,01-JUN-2011,1,0,7.99,25-FEB-2014
Using Your Brain for a Change,158,"Bandler, Richard",9252911731,y,01-NOV-1991,2,4,21.5,01-JUN-2001
Utopias and Utopian Thought,809,"Manuel, Frank E",7595391417,y,10-OCT-1998,1,0,5.99,10-MAY-2008
V,823,"Pynchon, Thomas",6080177150,y,01-OCT-1978,2,10,1.99,05-AUG-1985
Vale of Sad Banana,823,"Lymington, John",978-954055493X,y,02-JUL-2013,5,12,5.99,14-NOV-2014
Valentine Pontifex,823,"Silverberg, Robert",534444433X,n,01-MAY-1991,0,4,7.99,16-MAY-2017
Valis,823,"Dick, Philip K",5931727177,y,01-APR-1988,1,0,4.99,18-JUN-1996
"Vanishing Hitchhiker, The",398,"Brunvand, Jan Harold",2208012632,y,28-OCT-1997,1,0,17.99,17-NOV-1999
Varieties of Religious Experience,153,"James, William",3521298824,y,16-SEP-1997,1,1,7.99,09-MAR-2003
Vermillion Sands,823,"Ballard, J G",8896129573,y,27-SEP-2004,3,4,5.99,28-APR-2014
"Victorian Internet, The",500,"Standage, Tom",1447557919,y,07-DEC-2001,1,2,17.99,11-OCT-2008
Villages in the Landscape,900,"Rowley, Trevor",4250095032,y,17-OCT-2000,2,2,17.99,03-JAN-2009
"Virgin and the Gypsy, The",823,"Lawrence, D H",5831678596,y,01-JAN-1976,2,0,1.99,27-SEP-1978
Virtual Light,823,"Gibson, William",3892551918,y,05-FEB-1998,1,1,17.99,24-APR-2006
Virtual Words: Language on the Edge of Science and Technology,417,"Keats, Jonathon",5448297684,y,06-DEC-1997,1,4,7.99,14-JAN-2002
Visions Before Midnight,791.45,"James, Clive",129273911X,n,01-JUL-1986,0,4,1.99,16-MAY-2017
Visions of England,900,"Strong, Roy",5286930108,y,,1,2,,05-NOV-2012
Visions of the Future in Germany and America,335,"Finzsch, Norbert and Hermann Wellenreuther (eds)",8639736180,y,01-MAY-1994,1,2,21.5,20-MAY-1996
Vitals,823,"Bear, Greg",978-1758594681,y,09-AUG-2008,3,10,12.49,17-SEP-2012
Voltaire's Bastards,100,"Saul, John Ralston",4137537253,y,08-NOV-1997,2,2,5.99,12-SEP-2004
Voluntary Madness,823,"Hendricks, Vicky",6819398756,n,02-MAY-2004,0,1,12.49,16-MAY-2017
Voodoo Science,500,"Parks, Robert",379288723X,y,23-DEC-2004,2,4,7.99,24-JUL-2014
Voss,823,"White, Patrick",9646693556,y,01-AUG-1984,5,1,4.99,09-SEP-1988
Voyage,823,"Baxter, Stephen",978-561563046X,y,08-NOV-2008,4,4,5.99,13-SEP-2015
"Voyage Out, The",823,"Woolf, Virginia",6965432319,y,,3,10,,20-MAR-2014
"Waiting Sands, The",823,"Howatch, Susan",978-3519844871,n,16-OCT-2007,0,4,17.99,16-MAY-2017
Walkabout,823,"Marshall, James Vance",3162779525,n,01-JUN-1980,0,12,1.99,16-MAY-2017
Wandering,823,"Hesse, Herman",5963161414,n,04-SEP-1979,0,1,2.99,16-MAY-2017
"War Against the Rull, The",823,"Van Vogt, A E",0101595265,n,01-JUN-1983,0,1,4.99,16-MAY-2017
War Gaming,500,"Wilson, Andrew",0880951295,n,01-OCT-1993,0,1,5.99,16-MAY-2017
War and the Liberal Conscience,355.02,"Howard, Michael",978-7541918414,y,29-AUG-2015,1,0,5.99,15-MAY-2018
"Warlock and the World's Pain, The",823,"Moorcock, Michael",8786152396,n,01-MAY-1984,0,12,2.99,16-MAY-2017
"Warlock in Spite of Himself, The",823,"Stasheff, Christopher",705483116X,n,01-AUG-1980,0,2,4.99,16-MAY-2017
"Warminster Mystery, The",1.9,"Shuttlewood, Arthur",3994145465,y,01-JAN-1975,2,2,0.99,05-NOV-1981
Warnings From Flying Friends,1.9,"Shuttlewood, Arthur",0977113918,y,03-JAN-1976,2,1,0.99,21-MAR-1984
Warrant for Genocide,940.5318,"Cohn, Norman",9944325685,y,16-OCT-2002,2,2,5.99,16-MAY-2012
Warriors of the Wasteland,940,"Griggsby, John",6098146362,y,22-APR-1996,1,4,21.5,09-JUL-2004
"Wasp Factory, The",823,"Banks, Iain",5151267669,y,01-JUL-1992,4,4,5.99,30-JAN-2002
Watching: Reflections on the Movies,791.43,"Sutcliffe, Thomas",159314468X,y,28-AUG-2001,2,1,5.99,02-JUL-2008
Watchman,823,"Rankin, Ian",978-4312234118,y,14-JUL-2011,1,4,5.99,15-MAY-2018
Water for Elephants,823,"Guen, Sarah",1872909969,y,30-APR-1996,1,4,17.99,05-MAR-2003
"Water's Lovely, The",823,"Rendell, Ruth",978-7319729536,y,29-JUN-2008,1,1,5.99,15-SEP-2016
"Water, Leisure and Culture",306,"Anderson, Susan C, and Bruce H Tabb",4913514003,y,01-JUL-1986,1,1,5.49,05-MAY-1993
"Waves, The",823,"Woolf, Virginia",978-457352186X,y,03-JUN-2015,4,0,17.99,15-MAY-2018
Waving the Flag,791.43,"Higson, Andrew",0101970867,y,27-APR-2000,1,2,12.49,14-JUL-2008
"Way We Live Now, The",306,"Hoggart, Richard",7200026506,y,14-AUG-2000,1,1,17.99,19-JUN-2007
"Way of All Flesh, The",823,"Butler, Samuel",0806611409,y,13-FEB-2002,3,2,5.99,24-MAR-2006
"Way of Zen, The",294.3,"Watts, Alan",0250615534,n,01-JUN-1980,0,2,1.99,16-MAY-2017
Ways of Reading,808.04,"Montgomery, Martin, et al",8572011496,n,25-JAN-2000,0,2,5.99,16-MAY-2017
Ways of Seeing,306,"Berger, John",9921739660,n,20-MAR-1997,0,0,5.99,16-MAY-2017
We Are Not Alone,1.9,"Tomas, Andrew",3517444014,n,01-MAR-1976,0,4,2.99,16-MAY-2017
We Can Build You,823,"Dick, Philip K",4079793256,y,01-NOV-1988,4,4,4.5,09-FEB-1989
We of Nagasaki,940.53,"Nagai, Takashi",385675561X,n,01-JUN-1982,0,2,1.99,16-MAY-2017
"Wealth of Information, The",338,"Stonier, Tom",0423008005,n,,0,1,,16-MAY-2017
Weather Watch,551.5,"File, Dick",8683668034,y,01-AUG-1992,1,1,5.99,18-OCT-2000
"Weight of Numbers, The",823,"Ings, Simon",2039625809,y,18-JUN-1997,1,10,12.49,08-JUL-1999
"Well of Loneliness, The",823,"Hall, Radclyffe",8952640714,y,31-MAY-1996,4,12,5.99,05-APR-2003
Westbury in Old Photographs,942,"Randall, Michael",0168689988,y,,2,0,,20-MAR-2014
"Western Intellectual Tradition, The",1.2094,"Bronowski, J and Mazlish, Bruce",1371213934,y,14-APR-1999,1,4,17.99,01-JUL-2007
What Happened in History,900,"Childe, V Gordon",3115484972,y,01-APR-1989,2,2,1.99,18-JUN-1997
What Just Happened,306,"Gleick, James",9513968355,y,21-SEP-2004,2,2,17.99,08-DEC-2012
What Makes Civilization,930,"Wengrow, David",5893452571,y,,2,2,,20-MAR-2014
What Money Can't Buy,100,"Sandel, Michael J",7979860240,y,,2,2,,20-MAR-2014
What Science is and How it Works,500.1,"Derry, Gordon N",9678313765,y,10-AUG-2003,2,4,17.99,14-JUN-2010
What We Can Never Know: Blindspots in Philosophy and Science,100,"Gamez, David",912066157X,y,01-APR-1995,1,1,7.99,18-JUN-2003
What is History?,901,"Carr, E H",6013830996,y,25-FEB-1998,1,1,21.5,10-JUL-1999
What is This Thing Called Science?,501,"Chalmers, A F",3250823791,y,17-JUN-1998,1,4,12.49,16-JAN-2008
What to do When Someone Dies,823,"French, Nicci",3024482458,y,01-DEC-1994,3,1,12.49,17-FEB-2003
What's Left?,321,"Cohen, Nick",978-4038906700,y,27-JAN-2015,1,1,5.99,15-MAY-2018
When Prophecy Fails,302,"Festinger, Leon, et al",978-2900944135,y,15-FEB-2006,1,1,5.99,16-SEP-2015
When Self-consciousness Breaks,153,"Stephens, G. Lynn and George Graham",2822844779,y,,1,0,,05-NOV-2012
When Will there be Good News?,823,"Atkinson, Kate",978-1726077265,y,16-FEB-2012,4,10,7.99,15-MAY-2018
Where Late the Sweet Birds Sing,823,"Wilhem, Kate",978-9470589347,y,29-OCT-2015,3,10,5.99,15-MAY-2018
Whisperer in the Darkness,823,"Lovecraft, H P",2421036056,y,12-JUL-1998,1,4,5.99,16-MAY-2005
Whispers From Space,522,"Macvey, John",8452831348,n,01-MAY-1979,0,1,0.99,16-MAY-2017
White Apples,823,"Carroll, Jonathan",978-4027906658,n,20-MAR-2013,0,10,7.99,16-MAY-2017
White Hand Society,306.9,"Conners, Peter",084726742X,y,30-DEC-2002,2,1,12.49,30-JUL-2012
"White Hotel, The",823,"Thomas, D M",3063470755,n,01-JUN-1982,0,2,4.99,16-MAY-2017
White Noise,823,Don DeLillo,978-0030303104,y,31-JUL-2014,4,4,12.49,15-MAY-2018
"White Plague, The",823,"Herbert, Frank",0476150951,y,01-DEC-1987,3,1,5.49,01-JUL-1997
Who Are You?,823,"Kavan, Anna",978-8774261628,y,14-JUL-2007,4,0,17.99,30-SEP-2015
Who Got Einstein's Office?,500,"Regis, Ed",014961462X,y,,1,4,,24-JUN-2011
Why Aren't They Here? The Question of Life on Other Worlds,520.1,"Verma, Sunendra",978-4144983606,y,09-OCT-2012,2,2,21.5,17-NOV-2016
"Why Freud Was Wrong: Sin, Science and Psychoanalysis",150.19,"Webster, Richard",4978330967,y,04-AUG-1998,1,1,12.49,08-JUN-2005
Why Men Don't Talk and Women Can't Read Maps,153,"Pease, Barbara and Allan",1844143375,n,29-DEC-2000,0,2,21.5,16-MAY-2017
"Wicked Pack of Cards, A",133.3,"Decker, Ronald, et al",5477513566,y,20-JUL-2003,2,4,12.49,06-OCT-2011
Wide Sargasso Sea,823,"Rhys, Jean",978-058021700X,y,22-JUL-2008,5,0,12.49,11-AUG-2010
"Wierdstone of Brisengamen, The",823,"Garner, Alan",0220378558,y,01-DEC-1991,1,4,5.99,05-OCT-1998
Wifey,823,"Blume, Judy",4629551580,n,01-DEC-1984,0,10,1.99,16-MAY-2017
"Wind From Nowhere, The",823,"Ballard, J G",9609721773,y,01-AUG-1986,3,10,1.99,01-MAR-1996
Wind in the Willows,823,"Grahame, Kenneth",3434188782,n,01-MAR-1977,0,0,1.5,16-MAY-2017
Windows on the Sixties,306,"Aldgate, Anthony, et al",2397380291,y,08-AUG-2004,2,4,5.99,09-MAR-2014
"Winds of Limbo, The",823,"Moorcock, Michael",6146857392,n,01-JUN-1988,0,0,1.99,16-MAY-2017
"Windup Girl, The",823,"Bacigalupi, Paolo",6184094453,y,20-DEC-2000,3,2,5.99,21-JUL-2010
Winter's Children,823,"Coney, Michael",5943299581,y,01-JUN-1977,4,1,0.99,05-APR-1984
Wired for Culture,153,"Pagel, Mark",4058547143,y,,2,1,,05-NOV-2012
"Wisdom of the Genes, The",575.1,"Wills, Christopher",3421134447,y,01-OCT-1992,1,2,17.99,02-MAY-2002
Witchcraft and Magic in 16th and 17th Century Europe,133.49,"Scarre, Geoffrey",0700777942,y,30-AUG-2000,2,2,5.99,16-NOV-2008
Witchcraft and Sorcery,133.49,"Marwick, Max (ed.)",9029688546,y,21-DEC-1998,2,1,21.5,21-JUL-2008
Witchcraft in British History,133.49,"Holmes, Ronald",2138434636,n,11-MAR-1985,0,4,4.5,16-MAY-2017
Wittgenstein,190.9,"Hacker, P M S",2799969433,y,30-AUG-2000,1,4,17.99,05-JUL-2007
Wittgenstein in 90 Minutes,190.9,"Strahern, Paul",6727033503,n,31-DEC-1997,0,1,21.5,16-MAY-2017
Women in Love,823,"Lawrence, D H",2768515862,y,01-APR-1977,1,1,0.99,18-JUN-1985
Wonderful Life,570,"Gould, Stephen Jay",6288090086,y,10-OCT-1995,1,2,7.99,10-MAY-2005
"Woodlanders, The",823,"Hardy, Thomas",2917835979,y,11-AUG-1996,2,12,17.99,28-OCT-2004
"Word for World is Forest, The",823,"Le Guin, Ursula",5456758046,y,22-APR-1996,4,1,5.99,09-JUL-2004
Words and Rules,415,"Pinker, Steven",0830809670,y,18-NOV-2003,1,2,5.99,22-SEP-2010
Words and Things,410,"Brown, Roger",1064728508,y,04-JAN-2002,1,4,12.49,08-NOV-2008
World Futures,335,"Freeman, Christopher, and Jahoda, Marie (Eds.)",6743435020,y,01-NOV-1994,1,2,21.5,28-JUL-1997
"World Lit Only by Fire, A",909,"Manchester, William",978-0319305365,y,19-MAR-2006,2,2,17.99,21-JAN-2013
"World Treasury of Physics, Mathematics and Astronomy",500,"Ferris, Timothy",1136140838,y,01-APR-1994,2,1,5.99,10-MAY-1998
World Treasury of SF,823,Various,0316349410,y,15-MAR-1996,1,0,12.49,14-OCT-2005
"World Within the World, The",530,"Barrow, John D",8231891691,y,09-APR-2001,2,4,5.99,04-JAN-2004
"World of Violence, The",823,"Wilson, Colin",978-2191936752,y,15-JAN-2011,1,0,5.99,15-MAY-2018
World's Greatest UFO Mysteries,1.9,Blundell and Boar,6758433528,n,01-JAN-1987,0,1,4.99,16-MAY-2017
Worlds Apart,823,"Cowper, Richard",3584116690,n,29-JUL-2004,0,2,5.99,16-MAY-2017
Worlds Without End,600.9,"Hennessey, R A S",4869791993,y,24-DEC-2003,1,4,21.5,24-JUL-2013
Wrinkle in the Skin,823,"Christopher, John",978-9907798711,y,30-SEP-2015,3,12,7.99,15-MAY-2018
Wrinkles in Time,500,"Smoot, George",954918795X,y,,1,2,,05-NOV-2012
"Writer's Notes on His Trade, A",306,"Montague, C E",978-713583636X,y,17-DEC-2006,2,4,17.99,08-JUN-2012
Writers' Lives: Jane Austen,809.3,"Le Faye, Deirdre",501605199X,y,29-MAR-1998,2,2,17.99,07-MAY-2002
Writers' Lives: John Keats,809.1,"Hebron, Stephen",6388690354,y,26-NOV-1996,2,0,17.99,04-JAN-2001
Writers' Lives: William Wordsworth,809.1,"Hebron, Stephen",3633846735,y,29-NOV-1996,2,1,5.99,15-FEB-2005
Writing Your Dissertation in 15 Minutes a Day,807,"Bolker, Joan",1843512958,y,19-APR-2002,2,1,5.99,18-NOV-2011
Wuthering Heights,823,"Bronte, Emily",3204540602,y,17-DEC-2001,2,12,7.99,05-MAR-2010
Wycliffe and the Last Rites,823,"Burley, W J",978-0829501250,n,15-SEP-2007,0,1,17.99,16-MAY-2017
Youthquake: Spirituality and the Growth of a Counter-culture,200,"Leech, Kenneth",546793993X,y,09-NOV-1999,2,2,5.99,09-JUN-2009
"Zarkon Principle, The",1.9,Zarkon,4395977792,n,01-JAN-1976,0,1,3.5,16-MAY-2017
Zee and Co,823,"O'Brien, Edna",8806032962,n,01-APR-1982,0,1,1.99,16-MAY-2017
Zen Buddhism,294.3,"Humphrey, Christopher",5819624125,n,01-DEC-1987,0,4,2.99,16-MAY-2017
Zen and the Art of Motorcycle Maintenance,823,"Pirsig, Robert M",533549926X,y,01-FEB-1983,3,0,1.99,20-APR-1991
Zen-Brain Reflections,128.2,"Austin, James H",0577218919,y,01-DEC-1986,2,4,2.99,09-JAN-1991
"Zero Stone, The",823,"Norton, Andre",054328797X,n,01-NOV-1988,0,10,4.99,16-MAY-2017
